date,bitcoin_unscaled,bitcoin_monthly,isPartial,scale,bitcoin
2015-01-01,50,3,FALSE,0.03,1.5
2015-01-02,50,3,,0.03,1.5
2015-01-03,55,3,,0.03,1.65
2015-01-04,69,3,,0.03,2.07
2015-01-05,67,3,,0.03,2.01
2015-01-06,73,3,,0.03,2.19
2015-01-07,54,3,,0.03,1.62
2015-01-08,60,3,,0.03,1.8
2015-01-09,57,3,,0.03,1.71
2015-01-10,55,3,,0.03,1.65
2015-01-11,51,3,,0.03,1.53
2015-01-12,47,3,,0.03,1.41
2015-01-13,64,3,,0.03,1.92
2015-01-14,100,3,,0.03,3
2015-01-15,84,3,,0.03,2.52
2015-01-16,70,3,,0.03,2.1
2015-01-17,57,3,,0.03,1.71
2015-01-18,54,3,,0.03,1.62
2015-01-19,50,3,,0.03,1.5
2015-01-20,53,3,,0.03,1.59
2015-01-21,60,3,,0.03,1.8
2015-01-22,51,3,,0.03,1.53
2015-01-23,54,3,,0.03,1.62
2015-01-24,52,3,,0.03,1.56
2015-01-25,55,3,,0.03,1.65
2015-01-26,82,3,,0.03,2.46
2015-01-27,63,3,,0.03,1.89
2015-01-28,60,3,,0.03,1.8
2015-01-29,58,3,,0.03,1.74
2015-01-30,51,3,,0.03,1.53
2015-01-31,47,3,,0.03,1.41
2015-02-01,56,3,FALSE,0.03,1.68
2015-02-02,52,3,,0.03,1.56
2015-02-03,60,3,,0.03,1.8
2015-02-04,54,3,,0.03,1.62
2015-02-05,59,3,,0.03,1.77
2015-02-06,58,3,,0.03,1.74
2015-02-07,71,3,,0.03,2.13
2015-02-08,66,3,,0.03,1.98
2015-02-09,71,3,,0.03,2.13
2015-02-10,70,3,,0.03,2.1
2015-02-11,57,3,,0.03,1.71
2015-02-12,65,3,,0.03,1.95
2015-02-13,55,3,,0.03,1.65
2015-02-14,58,3,,0.03,1.74
2015-02-15,59,3,,0.03,1.77
2015-02-16,60,3,,0.03,1.8
2015-02-17,61,3,,0.03,1.83
2015-02-18,57,3,,0.03,1.71
2015-02-19,63,3,,0.03,1.89
2015-02-20,100,3,,0.03,3
2015-02-21,64,3,,0.03,1.92
2015-02-22,59,3,,0.03,1.77
2015-02-23,59,3,,0.03,1.77
2015-02-24,55,3,,0.03,1.65
2015-02-25,52,3,,0.03,1.56
2015-02-26,51,3,,0.03,1.53
2015-02-27,54,3,,0.03,1.62
2015-02-28,50,3,,0.03,1.5
2015-03-01,75,3,FALSE,0.03,2.25
2015-03-02,83,3,,0.03,2.49
2015-03-03,82,3,,0.03,2.46
2015-03-04,85,3,,0.03,2.55
2015-03-05,82,3,,0.03,2.46
2015-03-06,99,3,,0.03,2.97
2015-03-07,100,3,,0.03,3
2015-03-08,84,3,,0.03,2.52
2015-03-09,84,3,,0.03,2.52
2015-03-10,98,3,,0.03,2.94
2015-03-11,96,3,,0.03,2.88
2015-03-12,84,3,,0.03,2.52
2015-03-13,85,3,,0.03,2.55
2015-03-14,81,3,,0.03,2.43
2015-03-15,81,3,,0.03,2.43
2015-03-16,91,3,,0.03,2.73
2015-03-17,84,3,,0.03,2.52
2015-03-18,96,3,,0.03,2.88
2015-03-19,95,3,,0.03,2.85
2015-03-20,80,3,,0.03,2.4
2015-03-21,77,3,,0.03,2.31
2015-03-22,76,3,,0.03,2.28
2015-03-23,78,3,,0.03,2.34
2015-03-24,77,3,,0.03,2.31
2015-03-25,90,3,,0.03,2.7
2015-03-26,84,3,,0.03,2.52
2015-03-27,72,3,,0.03,2.16
2015-03-28,67,3,,0.03,2.01
2015-03-29,74,3,,0.03,2.22
2015-03-30,94,3,,0.03,2.82
2015-03-31,82,3,,0.03,2.46
2015-04-01,97,2,FALSE,0.02,1.94
2015-04-02,89,2,,0.02,1.78
2015-04-03,88,2,,0.02,1.76
2015-04-04,84,2,,0.02,1.68
2015-04-05,93,2,,0.02,1.86
2015-04-06,89,2,,0.02,1.78
2015-04-07,91,2,,0.02,1.82
2015-04-08,100,2,,0.02,2
2015-04-09,96,2,,0.02,1.92
2015-04-10,91,2,,0.02,1.82
2015-04-11,81,2,,0.02,1.62
2015-04-12,84,2,,0.02,1.68
2015-04-13,91,2,,0.02,1.82
2015-04-14,95,2,,0.02,1.9
2015-04-15,89,2,,0.02,1.78
2015-04-16,82,2,,0.02,1.64
2015-04-17,85,2,,0.02,1.7
2015-04-18,85,2,,0.02,1.7
2015-04-19,89,2,,0.02,1.78
2015-04-20,85,2,,0.02,1.7
2015-04-21,95,2,,0.02,1.9
2015-04-22,97,2,,0.02,1.94
2015-04-23,85,2,,0.02,1.7
2015-04-24,84,2,,0.02,1.68
2015-04-25,82,2,,0.02,1.64
2015-04-26,84,2,,0.02,1.68
2015-04-27,86,2,,0.02,1.72
2015-04-28,86,2,,0.02,1.72
2015-04-29,88,2,,0.02,1.76
2015-04-30,88,2,,0.02,1.76
2015-05-01,75,2,FALSE,0.02,1.5
2015-05-02,69,2,,0.02,1.38
2015-05-03,69,2,,0.02,1.38
2015-05-04,68,2,,0.02,1.36
2015-05-05,71,2,,0.02,1.42
2015-05-06,78,2,,0.02,1.56
2015-05-07,74,2,,0.02,1.48
2015-05-08,75,2,,0.02,1.5
2015-05-09,67,2,,0.02,1.34
2015-05-10,67,2,,0.02,1.34
2015-05-11,72,2,,0.02,1.44
2015-05-12,71,2,,0.02,1.42
2015-05-13,78,2,,0.02,1.56
2015-05-14,100,2,,0.02,2
2015-05-15,75,2,,0.02,1.5
2015-05-16,75,2,,0.02,1.5
2015-05-17,74,2,,0.02,1.48
2015-05-18,73,2,,0.02,1.46
2015-05-19,80,2,,0.02,1.6
2015-05-20,88,2,,0.02,1.76
2015-05-21,82,2,,0.02,1.64
2015-05-22,75,2,,0.02,1.5
2015-05-23,70,2,,0.02,1.4
2015-05-24,75,2,,0.02,1.5
2015-05-25,81,2,,0.02,1.62
2015-05-26,77,2,,0.02,1.54
2015-05-27,78,2,,0.02,1.56
2015-05-28,67,2,,0.02,1.34
2015-05-29,81,2,,0.02,1.62
2015-05-30,95,2,,0.02,1.9
2015-05-31,84,2,,0.02,1.68
2015-06-01,52,2,FALSE,0.02,1.04
2015-06-02,47,2,,0.02,0.94
2015-06-03,51,2,,0.02,1.02
2015-06-04,48,2,,0.02,0.96
2015-06-05,44,2,,0.02,0.88
2015-06-06,48,2,,0.02,0.96
2015-06-07,49,2,,0.02,0.98
2015-06-08,44,2,,0.02,0.88
2015-06-09,48,2,,0.02,0.96
2015-06-10,47,2,,0.02,0.94
2015-06-11,45,2,,0.02,0.9
2015-06-12,48,2,,0.02,0.96
2015-06-13,40,2,,0.02,0.8
2015-06-14,45,2,,0.02,0.9
2015-06-15,47,2,,0.02,0.94
2015-06-16,49,2,,0.02,0.98
2015-06-17,55,2,,0.02,1.1
2015-06-18,100,2,,0.02,2
2015-06-19,55,2,,0.02,1.1
2015-06-20,58,2,,0.02,1.16
2015-06-21,50,2,,0.02,1
2015-06-22,47,2,,0.02,0.94
2015-06-23,49,2,,0.02,0.98
2015-06-24,49,2,,0.02,0.98
2015-06-25,51,2,,0.02,1.02
2015-06-26,45,2,,0.02,0.9
2015-06-27,50,2,,0.02,1
2015-06-28,51,2,,0.02,1.02
2015-06-29,59,2,,0.02,1.18
2015-06-30,74,2,,0.02,1.48
2015-07-01,80,3,FALSE,0.03,2.4
2015-07-02,83,3,,0.03,2.49
2015-07-03,80,3,,0.03,2.4
2015-07-04,86,3,,0.03,2.58
2015-07-05,88,3,,0.03,2.64
2015-07-06,100,3,,0.03,3
2015-07-07,90,3,,0.03,2.7
2015-07-08,98,3,,0.03,2.94
2015-07-09,88,3,,0.03,2.64
2015-07-10,96,3,,0.03,2.88
2015-07-11,83,3,,0.03,2.49
2015-07-12,95,3,,0.03,2.85
2015-07-13,89,3,,0.03,2.67
2015-07-14,81,3,,0.03,2.43
2015-07-15,78,3,,0.03,2.34
2015-07-16,80,3,,0.03,2.4
2015-07-17,74,3,,0.03,2.22
2015-07-18,78,3,,0.03,2.34
2015-07-19,76,3,,0.03,2.28
2015-07-20,78,3,,0.03,2.34
2015-07-21,79,3,,0.03,2.37
2015-07-22,74,3,,0.03,2.22
2015-07-23,69,3,,0.03,2.07
2015-07-24,74,3,,0.03,2.22
2015-07-25,74,3,,0.03,2.22
2015-07-26,78,3,,0.03,2.34
2015-07-27,81,3,,0.03,2.43
2015-07-28,87,3,,0.03,2.61
2015-07-29,72,3,,0.03,2.16
2015-07-30,72,3,,0.03,2.16
2015-07-31,71,3,,0.03,2.13
2015-08-01,100,3,FALSE,0.03,3
2015-08-02,76,3,,0.03,2.28
2015-08-03,71,3,,0.03,2.13
2015-08-04,72,3,,0.03,2.16
2015-08-05,64,3,,0.03,1.92
2015-08-06,60,3,,0.03,1.8
2015-08-07,57,3,,0.03,1.71
2015-08-08,58,3,,0.03,1.74
2015-08-09,59,3,,0.03,1.77
2015-08-10,62,3,,0.03,1.86
2015-08-11,63,3,,0.03,1.89
2015-08-12,60,3,,0.03,1.8
2015-08-13,63,3,,0.03,1.89
2015-08-14,57,3,,0.03,1.71
2015-08-15,56,3,,0.03,1.68
2015-08-16,59,3,,0.03,1.77
2015-08-17,61,3,,0.03,1.83
2015-08-18,68,3,,0.03,2.04
2015-08-19,87,3,,0.03,2.61
2015-08-20,73,3,,0.03,2.19
2015-08-21,67,3,,0.03,2.01
2015-08-22,65,3,,0.03,1.95
2015-08-23,67,3,,0.03,2.01
2015-08-24,81,3,,0.03,2.43
2015-08-25,85,3,,0.03,2.55
2015-08-26,67,3,,0.03,2.01
2015-08-27,63,3,,0.03,1.89
2015-08-28,64,3,,0.03,1.92
2015-08-29,58,3,,0.03,1.74
2015-08-30,62,3,,0.03,1.86
2015-08-31,58,3,,0.03,1.74
2015-09-01,89,2,FALSE,0.02,1.78
2015-09-02,97,2,,0.02,1.94
2015-09-03,88,2,,0.02,1.76
2015-09-04,96,2,,0.02,1.92
2015-09-05,87,2,,0.02,1.74
2015-09-06,86,2,,0.02,1.72
2015-09-07,85,2,,0.02,1.7
2015-09-08,92,2,,0.02,1.84
2015-09-09,95,2,,0.02,1.9
2015-09-10,86,2,,0.02,1.72
2015-09-11,82,2,,0.02,1.64
2015-09-12,91,2,,0.02,1.82
2015-09-13,96,2,,0.02,1.92
2015-09-14,93,2,,0.02,1.86
2015-09-15,87,2,,0.02,1.74
2015-09-16,100,2,,0.02,2
2015-09-17,94,2,,0.02,1.88
2015-09-18,100,2,,0.02,2
2015-09-19,84,2,,0.02,1.68
2015-09-20,90,2,,0.02,1.8
2015-09-21,89,2,,0.02,1.78
2015-09-22,96,2,,0.02,1.92
2015-09-23,98,2,,0.02,1.96
2015-09-24,92,2,,0.02,1.84
2015-09-25,93,2,,0.02,1.86
2015-09-26,87,2,,0.02,1.74
2015-09-27,90,2,,0.02,1.8
2015-09-28,86,2,,0.02,1.72
2015-09-29,89,2,,0.02,1.78
2015-09-30,91,2,,0.02,1.82
2015-10-01,61,3,FALSE,0.03,1.83
2015-10-02,65,3,,0.03,1.95
2015-10-03,61,3,,0.03,1.83
2015-10-04,59,3,,0.03,1.77
2015-10-05,67,3,,0.03,2.01
2015-10-06,72,3,,0.03,2.16
2015-10-07,64,3,,0.03,1.92
2015-10-08,70,3,,0.03,2.1
2015-10-09,65,3,,0.03,1.95
2015-10-10,65,3,,0.03,1.95
2015-10-11,62,3,,0.03,1.86
2015-10-12,67,3,,0.03,2.01
2015-10-13,67,3,,0.03,2.01
2015-10-14,63,3,,0.03,1.89
2015-10-15,66,3,,0.03,1.98
2015-10-16,68,3,,0.03,2.04
2015-10-17,70,3,,0.03,2.1
2015-10-18,68,3,,0.03,2.04
2015-10-19,67,3,,0.03,2.01
2015-10-20,78,3,,0.03,2.34
2015-10-21,77,3,,0.03,2.31
2015-10-22,88,3,,0.03,2.64
2015-10-23,78,3,,0.03,2.34
2015-10-24,76,3,,0.03,2.28
2015-10-25,76,3,,0.03,2.28
2015-10-26,80,3,,0.03,2.4
2015-10-27,86,3,,0.03,2.58
2015-10-28,85,3,,0.03,2.55
2015-10-29,97,3,,0.03,2.91
2015-10-30,100,3,,0.03,3
2015-10-31,86,3,,0.03,2.58
2015-11-01,47,4,FALSE,0.04,1.88
2015-11-02,51,4,,0.04,2.04
2015-11-03,72,4,,0.04,2.88
2015-11-04,100,4,,0.04,4
2015-11-05,87,4,,0.04,3.48
2015-11-06,61,4,,0.04,2.44
2015-11-07,53,4,,0.04,2.12
2015-11-08,47,4,,0.04,1.88
2015-11-09,56,4,,0.04,2.24
2015-11-10,51,4,,0.04,2.04
2015-11-11,49,4,,0.04,1.96
2015-11-12,44,4,,0.04,1.76
2015-11-13,45,4,,0.04,1.8
2015-11-14,36,4,,0.04,1.44
2015-11-15,36,4,,0.04,1.44
2015-11-16,39,4,,0.04,1.56
2015-11-17,43,4,,0.04,1.72
2015-11-18,42,4,,0.04,1.68
2015-11-19,40,4,,0.04,1.6
2015-11-20,42,4,,0.04,1.68
2015-11-21,43,4,,0.04,1.72
2015-11-22,38,4,,0.04,1.52
2015-11-23,40,4,,0.04,1.6
2015-11-24,39,4,,0.04,1.56
2015-11-25,38,4,,0.04,1.52
2015-11-26,42,4,,0.04,1.68
2015-11-27,37,4,,0.04,1.48
2015-11-28,35,4,,0.04,1.4
2015-11-29,37,4,,0.04,1.48
2015-11-30,43,4,,0.04,1.72
2015-12-01,38,4,FALSE,0.04,1.52
2015-12-02,41,4,,0.04,1.64
2015-12-03,38,4,,0.04,1.52
2015-12-04,36,4,,0.04,1.44
2015-12-05,35,4,,0.04,1.4
2015-12-06,37,4,,0.04,1.48
2015-12-07,39,4,,0.04,1.56
2015-12-08,51,4,,0.04,2.04
2015-12-09,100,4,,0.04,4
2015-12-10,69,4,,0.04,2.76
2015-12-11,56,4,,0.04,2.24
2015-12-12,51,4,,0.04,2.04
2015-12-13,47,4,,0.04,1.88
2015-12-14,43,4,,0.04,1.72
2015-12-15,50,4,,0.04,2
2015-12-16,44,4,,0.04,1.76
2015-12-17,46,4,,0.04,1.84
2015-12-18,44,4,,0.04,1.76
2015-12-19,36,4,,0.04,1.44
2015-12-20,41,4,,0.04,1.64
2015-12-21,42,4,,0.04,1.68
2015-12-22,39,4,,0.04,1.56
2015-12-23,45,4,,0.04,1.8
2015-12-24,41,4,,0.04,1.64
2015-12-25,38,4,,0.04,1.52
2015-12-26,43,4,,0.04,1.72
2015-12-27,38,4,,0.04,1.52
2015-12-28,40,4,,0.04,1.6
2015-12-29,40,4,,0.04,1.6
2015-12-30,41,4,,0.04,1.64
2015-12-31,37,4,,0.04,1.48
2016-01-01,59,3,FALSE,0.03,1.77
2016-01-02,64,3,,0.03,1.92
2016-01-03,70,3,,0.03,2.1
2016-01-04,69,3,,0.03,2.07
2016-01-05,77,3,,0.03,2.31
2016-01-06,71,3,,0.03,2.13
2016-01-07,87,3,,0.03,2.61
2016-01-08,82,3,,0.03,2.46
2016-01-09,71,3,,0.03,2.13
2016-01-10,64,3,,0.03,1.92
2016-01-11,77,3,,0.03,2.31
2016-01-12,62,3,,0.03,1.86
2016-01-13,74,3,,0.03,2.22
2016-01-14,73,3,,0.03,2.19
2016-01-15,97,3,,0.03,2.91
2016-01-16,100,3,,0.03,3
2016-01-17,87,3,,0.03,2.61
2016-01-18,85,3,,0.03,2.55
2016-01-19,82,3,,0.03,2.46
2016-01-20,89,3,,0.03,2.67
2016-01-21,84,3,,0.03,2.52
2016-01-22,79,3,,0.03,2.37
2016-01-23,78,3,,0.03,2.34
2016-01-24,65,3,,0.03,1.95
2016-01-25,74,3,,0.03,2.22
2016-01-26,74,3,,0.03,2.22
2016-01-27,72,3,,0.03,2.16
2016-01-28,73,3,,0.03,2.19
2016-01-29,73,3,,0.03,2.19
2016-01-30,65,3,,0.03,1.95
2016-01-31,62,3,,0.03,1.86
2016-02-01,82,3,FALSE,0.03,2.46
2016-02-02,75,3,,0.03,2.25
2016-02-03,80,3,,0.03,2.4
2016-02-04,75,3,,0.03,2.25
2016-02-05,77,3,,0.03,2.31
2016-02-06,74,3,,0.03,2.22
2016-02-07,75,3,,0.03,2.25
2016-02-08,73,3,,0.03,2.19
2016-02-09,80,3,,0.03,2.4
2016-02-10,86,3,,0.03,2.58
2016-02-11,92,3,,0.03,2.76
2016-02-12,84,3,,0.03,2.52
2016-02-13,75,3,,0.03,2.25
2016-02-14,75,3,,0.03,2.25
2016-02-15,93,3,,0.03,2.79
2016-02-16,91,3,,0.03,2.73
2016-02-17,89,3,,0.03,2.67
2016-02-18,100,3,,0.03,3
2016-02-19,97,3,,0.03,2.91
2016-02-20,88,3,,0.03,2.64
2016-02-21,90,3,,0.03,2.7
2016-02-22,86,3,,0.03,2.58
2016-02-23,87,3,,0.03,2.61
2016-02-24,91,3,,0.03,2.73
2016-02-25,84,3,,0.03,2.52
2016-02-26,87,3,,0.03,2.61
2016-02-27,80,3,,0.03,2.4
2016-02-28,76,3,,0.03,2.28
2016-02-29,83,3,,0.03,2.49
2016-03-01,87,3,FALSE,0.03,2.61
2016-03-02,88,3,,0.03,2.64
2016-03-03,93,3,,0.03,2.79
2016-03-04,84,3,,0.03,2.52
2016-03-05,100,3,,0.03,3
2016-03-06,77,3,,0.03,2.31
2016-03-07,89,3,,0.03,2.67
2016-03-08,85,3,,0.03,2.55
2016-03-09,90,3,,0.03,2.7
2016-03-10,82,3,,0.03,2.46
2016-03-11,78,3,,0.03,2.34
2016-03-12,79,3,,0.03,2.37
2016-03-13,76,3,,0.03,2.28
2016-03-14,89,3,,0.03,2.67
2016-03-15,84,3,,0.03,2.52
2016-03-16,84,3,,0.03,2.52
2016-03-17,80,3,,0.03,2.4
2016-03-18,74,3,,0.03,2.22
2016-03-19,79,3,,0.03,2.37
2016-03-20,81,3,,0.03,2.43
2016-03-21,83,3,,0.03,2.49
2016-03-22,85,3,,0.03,2.55
2016-03-23,82,3,,0.03,2.46
2016-03-24,76,3,,0.03,2.28
2016-03-25,74,3,,0.03,2.22
2016-03-26,73,3,,0.03,2.19
2016-03-27,79,3,,0.03,2.37
2016-03-28,77,3,,0.03,2.31
2016-03-29,83,3,,0.03,2.49
2016-03-30,86,3,,0.03,2.58
2016-03-31,84,3,,0.03,2.52
2016-04-01,73,3,FALSE,0.03,2.19
2016-04-02,73,3,,0.03,2.19
2016-04-03,71,3,,0.03,2.13
2016-04-04,77,3,,0.03,2.31
2016-04-05,83,3,,0.03,2.49
2016-04-06,79,3,,0.03,2.37
2016-04-07,79,3,,0.03,2.37
2016-04-08,77,3,,0.03,2.31
2016-04-09,70,3,,0.03,2.1
2016-04-10,75,3,,0.03,2.25
2016-04-11,77,3,,0.03,2.31
2016-04-12,82,3,,0.03,2.46
2016-04-13,85,3,,0.03,2.55
2016-04-14,71,3,,0.03,2.13
2016-04-15,68,3,,0.03,2.04
2016-04-16,69,3,,0.03,2.07
2016-04-17,71,3,,0.03,2.13
2016-04-18,72,3,,0.03,2.16
2016-04-19,77,3,,0.03,2.31
2016-04-20,78,3,,0.03,2.34
2016-04-21,86,3,,0.03,2.58
2016-04-22,90,3,,0.03,2.7
2016-04-23,76,3,,0.03,2.28
2016-04-24,84,3,,0.03,2.52
2016-04-25,86,3,,0.03,2.58
2016-04-26,88,3,,0.03,2.64
2016-04-27,91,3,,0.03,2.73
2016-04-28,100,3,,0.03,3
2016-04-29,88,3,,0.03,2.64
2016-04-30,81,3,,0.03,2.43
2016-05-01,27,3,FALSE,0.03,0.81
2016-05-02,100,3,,0.03,3
2016-05-03,61,3,,0.03,1.83
2016-05-04,42,3,,0.03,1.26
2016-05-05,42,3,,0.03,1.26
2016-05-06,38,3,,0.03,1.14
2016-05-07,36,3,,0.03,1.08
2016-05-08,35,3,,0.03,1.05
2016-05-09,37,3,,0.03,1.11
2016-05-10,35,3,,0.03,1.05
2016-05-11,35,3,,0.03,1.05
2016-05-12,33,3,,0.03,0.99
2016-05-13,32,3,,0.03,0.96
2016-05-14,27,3,,0.03,0.81
2016-05-15,26,3,,0.03,0.78
2016-05-16,27,3,,0.03,0.81
2016-05-17,33,3,,0.03,0.99
2016-05-18,32,3,,0.03,0.96
2016-05-19,32,3,,0.03,0.96
2016-05-20,32,3,,0.03,0.96
2016-05-21,28,3,,0.03,0.84
2016-05-22,27,3,,0.03,0.81
2016-05-23,30,3,,0.03,0.9
2016-05-24,29,3,,0.03,0.87
2016-05-25,32,3,,0.03,0.96
2016-05-26,27,3,,0.03,0.81
2016-05-27,36,3,,0.03,1.08
2016-05-28,41,3,,0.03,1.23
2016-05-29,43,3,,0.03,1.29
2016-05-30,44,3,,0.03,1.32
2016-05-31,42,3,,0.03,1.26
2016-06-01,57,5,FALSE,0.05,2.85
2016-06-02,52,5,,0.05,2.6
2016-06-03,57,5,,0.05,2.85
2016-06-04,58,5,,0.05,2.9
2016-06-05,56,5,,0.05,2.8
2016-06-06,58,5,,0.05,2.9
2016-06-07,57,5,,0.05,2.85
2016-06-08,53,5,,0.05,2.65
2016-06-09,54,5,,0.05,2.7
2016-06-10,50,5,,0.05,2.5
2016-06-11,53,5,,0.05,2.65
2016-06-12,75,5,,0.05,3.75
2016-06-13,90,5,,0.05,4.5
2016-06-14,78,5,,0.05,3.9
2016-06-15,69,5,,0.05,3.45
2016-06-16,90,5,,0.05,4.5
2016-06-17,90,5,,0.05,4.5
2016-06-18,73,5,,0.05,3.65
2016-06-19,63,5,,0.05,3.15
2016-06-20,70,5,,0.05,3.5
2016-06-21,81,5,,0.05,4.05
2016-06-22,70,5,,0.05,3.5
2016-06-23,76,5,,0.05,3.8
2016-06-24,100,5,,0.05,5
2016-06-25,75,5,,0.05,3.75
2016-06-26,63,5,,0.05,3.15
2016-06-27,66,5,,0.05,3.3
2016-06-28,66,5,,0.05,3.3
2016-06-29,58,5,,0.05,2.9
2016-06-30,59,5,,0.05,2.95
2016-07-01,79,4,FALSE,0.04,3.16
2016-07-02,69,4,,0.04,2.76
2016-07-03,73,4,,0.04,2.92
2016-07-04,73,4,,0.04,2.92
2016-07-05,68,4,,0.04,2.72
2016-07-06,72,4,,0.04,2.88
2016-07-07,76,4,,0.04,3.04
2016-07-08,73,4,,0.04,2.92
2016-07-09,100,4,,0.04,4
2016-07-10,77,4,,0.04,3.08
2016-07-11,71,4,,0.04,2.84
2016-07-12,71,4,,0.04,2.84
2016-07-13,64,4,,0.04,2.56
2016-07-14,62,4,,0.04,2.48
2016-07-15,63,4,,0.04,2.52
2016-07-16,58,4,,0.04,2.32
2016-07-17,59,4,,0.04,2.36
2016-07-18,61,4,,0.04,2.44
2016-07-19,59,4,,0.04,2.36
2016-07-20,58,4,,0.04,2.32
2016-07-21,63,4,,0.04,2.52
2016-07-22,53,4,,0.04,2.12
2016-07-23,53,4,,0.04,2.12
2016-07-24,57,4,,0.04,2.28
2016-07-25,53,4,,0.04,2.12
2016-07-26,60,4,,0.04,2.4
2016-07-27,64,4,,0.04,2.56
2016-07-28,57,4,,0.04,2.28
2016-07-29,51,4,,0.04,2.04
2016-07-30,56,4,,0.04,2.24
2016-07-31,60,4,,0.04,2.4
2016-08-01,46,3,FALSE,0.03,1.38
2016-08-02,58,3,,0.03,1.74
2016-08-03,100,3,,0.03,3
2016-08-04,65,3,,0.03,1.95
2016-08-05,48,3,,0.03,1.44
2016-08-06,45,3,,0.03,1.35
2016-08-07,50,3,,0.03,1.5
2016-08-08,48,3,,0.03,1.44
2016-08-09,48,3,,0.03,1.44
2016-08-10,42,3,,0.03,1.26
2016-08-11,37,3,,0.03,1.11
2016-08-12,39,3,,0.03,1.17
2016-08-13,39,3,,0.03,1.17
2016-08-14,40,3,,0.03,1.2
2016-08-15,40,3,,0.03,1.2
2016-08-16,40,3,,0.03,1.2
2016-08-17,40,3,,0.03,1.2
2016-08-18,40,3,,0.03,1.2
2016-08-19,41,3,,0.03,1.23
2016-08-20,36,3,,0.03,1.08
2016-08-21,39,3,,0.03,1.17
2016-08-22,40,3,,0.03,1.2
2016-08-23,42,3,,0.03,1.26
2016-08-24,43,3,,0.03,1.29
2016-08-25,44,3,,0.03,1.32
2016-08-26,43,3,,0.03,1.29
2016-08-27,38,3,,0.03,1.14
2016-08-28,37,3,,0.03,1.11
2016-08-29,41,3,,0.03,1.23
2016-08-30,41,3,,0.03,1.23
2016-08-31,42,3,,0.03,1.26
2016-09-01,89,3,FALSE,0.03,2.67
2016-09-02,82,3,,0.03,2.46
2016-09-03,83,3,,0.03,2.49
2016-09-04,96,3,,0.03,2.88
2016-09-05,94,3,,0.03,2.82
2016-09-06,92,3,,0.03,2.76
2016-09-07,93,3,,0.03,2.79
2016-09-08,99,3,,0.03,2.97
2016-09-09,93,3,,0.03,2.79
2016-09-10,89,3,,0.03,2.67
2016-09-11,84,3,,0.03,2.52
2016-09-12,100,3,,0.03,3
2016-09-13,96,3,,0.03,2.88
2016-09-14,91,3,,0.03,2.73
2016-09-15,96,3,,0.03,2.88
2016-09-16,89,3,,0.03,2.67
2016-09-17,83,3,,0.03,2.49
2016-09-18,79,3,,0.03,2.37
2016-09-19,86,3,,0.03,2.58
2016-09-20,89,3,,0.03,2.67
2016-09-21,94,3,,0.03,2.82
2016-09-22,95,3,,0.03,2.85
2016-09-23,89,3,,0.03,2.67
2016-09-24,91,3,,0.03,2.73
2016-09-25,80,3,,0.03,2.4
2016-09-26,87,3,,0.03,2.61
2016-09-27,85,3,,0.03,2.55
2016-09-28,83,3,,0.03,2.49
2016-09-29,84,3,,0.03,2.52
2016-09-30,82,3,,0.03,2.46
2016-10-01,65,3,FALSE,0.03,1.95
2016-10-02,61,3,,0.03,1.83
2016-10-03,68,3,,0.03,2.04
2016-10-04,67,3,,0.03,2.01
2016-10-05,67,3,,0.03,2.01
2016-10-06,70,3,,0.03,2.1
2016-10-07,72,3,,0.03,2.16
2016-10-08,64,3,,0.03,1.92
2016-10-09,65,3,,0.03,1.95
2016-10-10,67,3,,0.03,2.01
2016-10-11,80,3,,0.03,2.4
2016-10-12,77,3,,0.03,2.31
2016-10-13,72,3,,0.03,2.16
2016-10-14,75,3,,0.03,2.25
2016-10-15,68,3,,0.03,2.04
2016-10-16,75,3,,0.03,2.25
2016-10-17,72,3,,0.03,2.16
2016-10-18,70,3,,0.03,2.1
2016-10-19,73,3,,0.03,2.19
2016-10-20,67,3,,0.03,2.01
2016-10-21,67,3,,0.03,2.01
2016-10-22,69,3,,0.03,2.07
2016-10-23,74,3,,0.03,2.22
2016-10-24,76,3,,0.03,2.28
2016-10-25,72,3,,0.03,2.16
2016-10-26,76,3,,0.03,2.28
2016-10-27,81,3,,0.03,2.43
2016-10-28,87,3,,0.03,2.61
2016-10-29,100,3,,0.03,3
2016-10-30,87,3,,0.03,2.61
2016-10-31,86,3,,0.03,2.58
2016-11-01,79,4,FALSE,0.04,3.16
2016-11-02,74,4,,0.04,2.96
2016-11-03,76,4,,0.04,3.04
2016-11-04,74,4,,0.04,2.96
2016-11-05,73,4,,0.04,2.92
2016-11-06,69,4,,0.04,2.76
2016-11-07,67,4,,0.04,2.68
2016-11-08,69,4,,0.04,2.76
2016-11-09,100,4,,0.04,4
2016-11-10,69,4,,0.04,2.76
2016-11-11,69,4,,0.04,2.76
2016-11-12,69,4,,0.04,2.76
2016-11-13,68,4,,0.04,2.72
2016-11-14,70,4,,0.04,2.8
2016-11-15,73,4,,0.04,2.92
2016-11-16,76,4,,0.04,3.04
2016-11-17,79,4,,0.04,3.16
2016-11-18,80,4,,0.04,3.2
2016-11-19,74,4,,0.04,2.96
2016-11-20,72,4,,0.04,2.88
2016-11-21,71,4,,0.04,2.84
2016-11-22,74,4,,0.04,2.96
2016-11-23,80,4,,0.04,3.2
2016-11-24,78,4,,0.04,3.12
2016-11-25,71,4,,0.04,2.84
2016-11-26,66,4,,0.04,2.64
2016-11-27,70,4,,0.04,2.8
2016-11-28,75,4,,0.04,3
2016-11-29,78,4,,0.04,3.12
2016-11-30,70,4,,0.04,2.8
2016-12-01,61,5,FALSE,0.05,3.05
2016-12-02,64,5,,0.05,3.2
2016-12-03,56,5,,0.05,2.8
2016-12-04,51,5,,0.05,2.55
2016-12-05,63,5,,0.05,3.15
2016-12-06,57,5,,0.05,2.85
2016-12-07,60,5,,0.05,3
2016-12-08,62,5,,0.05,3.1
2016-12-09,60,5,,0.05,3
2016-12-10,55,5,,0.05,2.75
2016-12-11,54,5,,0.05,2.7
2016-12-12,59,5,,0.05,2.95
2016-12-13,61,5,,0.05,3.05
2016-12-14,59,5,,0.05,2.95
2016-12-15,55,5,,0.05,2.75
2016-12-16,57,5,,0.05,2.85
2016-12-17,56,5,,0.05,2.8
2016-12-18,53,5,,0.05,2.65
2016-12-19,60,5,,0.05,3
2016-12-20,62,5,,0.05,3.1
2016-12-21,75,5,,0.05,3.75
2016-12-22,89,5,,0.05,4.45
2016-12-23,100,5,,0.05,5
2016-12-24,81,5,,0.05,4.05
2016-12-25,82,5,,0.05,4.1
2016-12-26,79,5,,0.05,3.95
2016-12-27,85,5,,0.05,4.25
2016-12-28,100,5,,0.05,5
2016-12-29,98,5,,0.05,4.9
2016-12-30,88,5,,0.05,4.4
2016-12-31,70,5,,0.05,3.5
2017-01-01,49,7,FALSE,0.07,3.43
2017-01-02,76,7,,0.07,5.32
2017-01-03,74,7,,0.07,5.18
2017-01-04,79,7,,0.07,5.53
2017-01-05,100,7,,0.07,7
2017-01-06,84,7,,0.07,5.88
2017-01-07,73,7,,0.07,5.11
2017-01-08,70,7,,0.07,4.9
2017-01-09,67,7,,0.07,4.69
2017-01-10,62,7,,0.07,4.34
2017-01-11,66,7,,0.07,4.62
2017-01-12,76,7,,0.07,5.32
2017-01-13,57,7,,0.07,3.99
2017-01-14,55,7,,0.07,3.85
2017-01-15,52,7,,0.07,3.64
2017-01-16,49,7,,0.07,3.43
2017-01-17,53,7,,0.07,3.71
2017-01-18,52,7,,0.07,3.64
2017-01-19,51,7,,0.07,3.57
2017-01-20,47,7,,0.07,3.29
2017-01-21,46,7,,0.07,3.22
2017-01-22,44,7,,0.07,3.08
2017-01-23,47,7,,0.07,3.29
2017-01-24,48,7,,0.07,3.36
2017-01-25,45,7,,0.07,3.15
2017-01-26,43,7,,0.07,3.01
2017-01-27,44,7,,0.07,3.08
2017-01-28,42,7,,0.07,2.94
2017-01-29,42,7,,0.07,2.94
2017-01-30,44,7,,0.07,3.08
2017-01-31,47,7,,0.07,3.29
2017-02-01,70,6,FALSE,0.06,4.2
2017-02-02,73,6,,0.06,4.38
2017-02-03,73,6,,0.06,4.38
2017-02-04,69,6,,0.06,4.14
2017-02-05,69,6,,0.06,4.14
2017-02-06,71,6,,0.06,4.26
2017-02-07,68,6,,0.06,4.08
2017-02-08,74,6,,0.06,4.44
2017-02-09,77,6,,0.06,4.62
2017-02-10,73,6,,0.06,4.38
2017-02-11,68,6,,0.06,4.08
2017-02-12,63,6,,0.06,3.78
2017-02-13,63,6,,0.06,3.78
2017-02-14,64,6,,0.06,3.84
2017-02-15,65,6,,0.06,3.9
2017-02-16,69,6,,0.06,4.14
2017-02-17,68,6,,0.06,4.08
2017-02-18,66,6,,0.06,3.96
2017-02-19,57,6,,0.06,3.42
2017-02-20,66,6,,0.06,3.96
2017-02-21,79,6,,0.06,4.74
2017-02-22,78,6,,0.06,4.68
2017-02-23,86,6,,0.06,5.16
2017-02-24,100,6,,0.06,6
2017-02-25,82,6,,0.06,4.92
2017-02-26,74,6,,0.06,4.44
2017-02-27,74,6,,0.06,4.44
2017-02-28,78,6,,0.06,4.68
2017-03-01,59,7,FALSE,0.07,4.13
2017-03-02,71,7,,0.07,4.97
2017-03-03,93,7,,0.07,6.51
2017-03-04,84,7,,0.07,5.88
2017-03-05,66,7,,0.07,4.62
2017-03-06,68,7,,0.07,4.76
2017-03-07,78,7,,0.07,5.46
2017-03-08,76,7,,0.07,5.32
2017-03-09,72,7,,0.07,5.04
2017-03-10,100,7,,0.07,7
2017-03-11,87,7,,0.07,6.09
2017-03-12,66,7,,0.07,4.62
2017-03-13,67,7,,0.07,4.69
2017-03-14,64,7,,0.07,4.48
2017-03-15,63,7,,0.07,4.41
2017-03-16,62,7,,0.07,4.34
2017-03-17,65,7,,0.07,4.55
2017-03-18,77,7,,0.07,5.39
2017-03-19,71,7,,0.07,4.97
2017-03-20,65,7,,0.07,4.55
2017-03-21,64,7,,0.07,4.48
2017-03-22,65,7,,0.07,4.55
2017-03-23,61,7,,0.07,4.27
2017-03-24,65,7,,0.07,4.55
2017-03-25,67,7,,0.07,4.69
2017-03-26,62,7,,0.07,4.34
2017-03-27,60,7,,0.07,4.2
2017-03-28,57,7,,0.07,3.99
2017-03-29,59,7,,0.07,4.13
2017-03-30,53,7,,0.07,3.71
2017-03-31,55,7,,0.07,3.85
2017-04-01,85,6,FALSE,0.06,5.1
2017-04-02,83,6,,0.06,4.98
2017-04-03,87,6,,0.06,5.22
2017-04-04,89,6,,0.06,5.34
2017-04-05,82,6,,0.06,4.92
2017-04-06,85,6,,0.06,5.1
2017-04-07,86,6,,0.06,5.16
2017-04-08,85,6,,0.06,5.1
2017-04-09,79,6,,0.06,4.74
2017-04-10,81,6,,0.06,4.86
2017-04-11,91,6,,0.06,5.46
2017-04-12,84,6,,0.06,5.04
2017-04-13,87,6,,0.06,5.22
2017-04-14,80,6,,0.06,4.8
2017-04-15,77,6,,0.06,4.62
2017-04-16,77,6,,0.06,4.62
2017-04-17,80,6,,0.06,4.8
2017-04-18,93,6,,0.06,5.58
2017-04-19,84,6,,0.06,5.04
2017-04-20,83,6,,0.06,4.98
2017-04-21,84,6,,0.06,5.04
2017-04-22,82,6,,0.06,4.92
2017-04-23,72,6,,0.06,4.32
2017-04-24,81,6,,0.06,4.86
2017-04-25,94,6,,0.06,5.64
2017-04-26,96,6,,0.06,5.76
2017-04-27,100,6,,0.06,6
2017-04-28,99,6,,0.06,5.94
2017-04-29,90,6,,0.06,5.4
2017-04-30,91,6,,0.06,5.46
2017-05-01,23,16,FALSE,0.16,3.68
2017-05-02,27,16,,0.16,4.32
2017-05-03,26,16,,0.16,4.16
2017-05-04,32,16,,0.16,5.12
2017-05-05,31,16,,0.16,4.96
2017-05-06,29,16,,0.16,4.64
2017-05-07,25,16,,0.16,4
2017-05-08,30,16,,0.16,4.8
2017-05-09,37,16,,0.16,5.92
2017-05-10,32,16,,0.16,5.12
2017-05-11,35,16,,0.16,5.6
2017-05-12,43,16,,0.16,6.88
2017-05-13,43,16,,0.16,6.88
2017-05-14,41,16,,0.16,6.56
2017-05-15,53,16,,0.16,8.48
2017-05-16,47,16,,0.16,7.52
2017-05-17,38,16,,0.16,6.08
2017-05-18,31,16,,0.16,4.96
2017-05-19,39,16,,0.16,6.24
2017-05-20,39,16,,0.16,6.24
2017-05-21,38,16,,0.16,6.08
2017-05-22,67,16,,0.16,10.72
2017-05-23,73,16,,0.16,11.68
2017-05-24,78,16,,0.16,12.48
2017-05-25,100,16,,0.16,16
2017-05-26,82,16,,0.16,13.12
2017-05-27,70,16,,0.16,11.2
2017-05-28,49,16,,0.16,7.84
2017-05-29,48,16,,0.16,7.68
2017-05-30,48,16,,0.16,7.68
2017-05-31,47,16,,0.16,7.52
2017-06-01,76,15,FALSE,0.15,11.4
2017-06-02,69,15,,0.15,10.35
2017-06-03,60,15,,0.15,9
2017-06-04,65,15,,0.15,9.75
2017-06-05,66,15,,0.15,9.9
2017-06-06,98,15,,0.15,14.7
2017-06-07,87,15,,0.15,13.05
2017-06-08,72,15,,0.15,10.8
2017-06-09,74,15,,0.15,11.1
2017-06-10,68,15,,0.15,10.2
2017-06-11,70,15,,0.15,10.5
2017-06-12,98,15,,0.15,14.7
2017-06-13,85,15,,0.15,12.75
2017-06-14,78,15,,0.15,11.7
2017-06-15,100,15,,0.15,15
2017-06-16,74,15,,0.15,11.1
2017-06-17,68,15,,0.15,10.2
2017-06-18,62,15,,0.15,9.3
2017-06-19,62,15,,0.15,9.3
2017-06-20,65,15,,0.15,9.75
2017-06-21,68,15,,0.15,10.2
2017-06-22,68,15,,0.15,10.2
2017-06-23,62,15,,0.15,9.3
2017-06-24,64,15,,0.15,9.6
2017-06-25,59,15,,0.15,8.85
2017-06-26,69,15,,0.15,10.35
2017-06-27,83,15,,0.15,12.45
2017-06-28,79,15,,0.15,11.85
2017-06-29,60,15,,0.15,9
2017-06-30,63,15,,0.15,9.45
2017-07-01,74,13,FALSE,0.13,9.62
2017-07-02,71,13,,0.13,9.23
2017-07-03,73,13,,0.13,9.49
2017-07-04,77,13,,0.13,10.01
2017-07-05,74,13,,0.13,9.62
2017-07-06,74,13,,0.13,9.62
2017-07-07,73,13,,0.13,9.49
2017-07-08,71,13,,0.13,9.23
2017-07-09,63,13,,0.13,8.19
2017-07-10,77,13,,0.13,10.01
2017-07-11,88,13,,0.13,11.44
2017-07-12,86,13,,0.13,11.18
2017-07-13,76,13,,0.13,9.88
2017-07-14,82,13,,0.13,10.66
2017-07-15,100,13,,0.13,13
2017-07-16,92,13,,0.13,11.96
2017-07-17,96,13,,0.13,12.48
2017-07-18,94,13,,0.13,12.22
2017-07-19,85,13,,0.13,11.05
2017-07-20,93,13,,0.13,12.09
2017-07-21,92,13,,0.13,11.96
2017-07-22,82,13,,0.13,10.66
2017-07-23,86,13,,0.13,11.18
2017-07-24,81,13,,0.13,10.53
2017-07-25,86,13,,0.13,11.18
2017-07-26,81,13,,0.13,10.53
2017-07-27,81,13,,0.13,10.53
2017-07-28,95,13,,0.13,12.35
2017-07-29,74,13,,0.13,9.62
2017-07-30,66,13,,0.13,8.58
2017-07-31,94,13,,0.13,12.22
2017-08-01,99,21,FALSE,0.21,20.79
2017-08-02,83,21,,0.21,17.43
2017-08-03,56,21,,0.21,11.76
2017-08-04,48,21,,0.21,10.08
2017-08-05,65,21,,0.21,13.65
2017-08-06,53,21,,0.21,11.13
2017-08-07,65,21,,0.21,13.65
2017-08-08,69,21,,0.21,14.49
2017-08-09,60,21,,0.21,12.6
2017-08-10,53,21,,0.21,11.13
2017-08-11,59,21,,0.21,12.39
2017-08-12,73,21,,0.21,15.33
2017-08-13,82,21,,0.21,17.22
2017-08-14,100,21,,0.21,21
2017-08-15,99,21,,0.21,20.79
2017-08-16,84,21,,0.21,17.64
2017-08-17,80,21,,0.21,16.8
2017-08-18,79,21,,0.21,16.59
2017-08-19,74,21,,0.21,15.54
2017-08-20,70,21,,0.21,14.7
2017-08-21,70,21,,0.21,14.7
2017-08-22,78,21,,0.21,16.38
2017-08-23,74,21,,0.21,15.54
2017-08-24,66,21,,0.21,13.86
2017-08-25,68,21,,0.21,14.28
2017-08-26,57,21,,0.21,11.97
2017-08-27,52,21,,0.21,10.92
2017-08-28,61,21,,0.21,12.81
2017-08-29,73,21,,0.21,15.33
2017-08-30,72,21,,0.21,15.12
2017-08-31,81,21,,0.21,17.01
2017-09-01,66,21,FALSE,0.21,13.86
2017-09-02,63,21,,0.21,13.23
2017-09-03,56,21,,0.21,11.76
2017-09-04,67,21,,0.21,14.07
2017-09-05,68,21,,0.21,14.28
2017-09-06,59,21,,0.21,12.39
2017-09-07,53,21,,0.21,11.13
2017-09-08,54,21,,0.21,11.34
2017-09-09,47,21,,0.21,9.87
2017-09-10,46,21,,0.21,9.66
2017-09-11,53,21,,0.21,11.13
2017-09-12,55,21,,0.21,11.55
2017-09-13,74,21,,0.21,15.54
2017-09-14,93,21,,0.21,19.53
2017-09-15,100,21,,0.21,21
2017-09-16,66,21,,0.21,13.86
2017-09-17,51,21,,0.21,10.71
2017-09-18,61,21,,0.21,12.81
2017-09-19,60,21,,0.21,12.6
2017-09-20,52,21,,0.21,10.92
2017-09-21,51,21,,0.21,10.71
2017-09-22,49,21,,0.21,10.29
2017-09-23,37,21,,0.21,7.77
2017-09-24,34,21,,0.21,7.14
2017-09-25,40,21,,0.21,8.4
2017-09-26,38,21,,0.21,7.98
2017-09-27,45,21,,0.21,9.45
2017-09-28,41,21,,0.21,8.61
2017-09-29,39,21,,0.21,8.19
2017-09-30,37,21,,0.21,7.77
2017-10-01,36,23,FALSE,0.23,8.28
2017-10-02,45,23,,0.23,10.35
2017-10-03,43,23,,0.23,9.89
2017-10-04,42,23,,0.23,9.66
2017-10-05,39,23,,0.23,8.97
2017-10-06,37,23,,0.23,8.51
2017-10-07,35,23,,0.23,8.05
2017-10-08,37,23,,0.23,8.51
2017-10-09,50,23,,0.23,11.5
2017-10-10,57,23,,0.23,13.11
2017-10-11,46,23,,0.23,10.58
2017-10-12,84,23,,0.23,19.32
2017-10-13,100,23,,0.23,23
2017-10-14,67,23,,0.23,15.41
2017-10-15,65,23,,0.23,14.95
2017-10-16,66,23,,0.23,15.18
2017-10-17,63,23,,0.23,14.49
2017-10-18,65,23,,0.23,14.95
2017-10-19,61,23,,0.23,14.03
2017-10-20,74,23,,0.23,17.02
2017-10-21,85,23,,0.23,19.55
2017-10-22,66,23,,0.23,15.18
2017-10-23,75,23,,0.23,17.25
2017-10-24,82,23,,0.23,18.86
2017-10-25,74,23,,0.23,17.02
2017-10-26,72,23,,0.23,16.56
2017-10-27,64,23,,0.23,14.72
2017-10-28,54,23,,0.23,12.42
2017-10-29,55,23,,0.23,12.65
2017-10-30,68,23,,0.23,15.64
2017-10-31,81,23,,0.23,18.63
2017-11-01,28,45,FALSE,0.45,12.6
2017-11-02,39,45,,0.45,17.55
2017-11-03,35,45,,0.45,15.75
2017-11-04,28,45,,0.45,12.6
2017-11-05,26,45,,0.45,11.7
2017-11-06,28,45,,0.45,12.6
2017-11-07,27,45,,0.45,12.15
2017-11-08,29,45,,0.45,13.05
2017-11-09,26,45,,0.45,11.7
2017-11-10,33,45,,0.45,14.85
2017-11-11,31,45,,0.45,13.95
2017-11-12,40,45,,0.45,18
2017-11-13,35,45,,0.45,15.75
2017-11-14,28,45,,0.45,12.6
2017-11-15,27,45,,0.45,12.15
2017-11-16,28,45,,0.45,12.6
2017-11-17,32,45,,0.45,14.4
2017-11-18,25,45,,0.45,11.25
2017-11-19,23,45,,0.45,10.35
2017-11-20,30,45,,0.45,13.5
2017-11-21,32,45,,0.45,14.4
2017-11-22,28,45,,0.45,12.6
2017-11-23,25,45,,0.45,11.25
2017-11-24,24,45,,0.45,10.8
2017-11-25,27,45,,0.45,12.15
2017-11-26,37,45,,0.45,16.65
2017-11-27,53,45,,0.45,23.85
2017-11-28,63,45,,0.45,28.35
2017-11-29,100,45,,0.45,45
2017-11-30,82,45,,0.45,36.9
2017-12-01,38,100,FALSE,1,38
2017-12-02,30,100,,1,30
2017-12-03,31,100,,1,31
2017-12-04,34,100,,1,34
2017-12-05,35,100,,1,35
2017-12-06,49,100,,1,49
2017-12-07,98,100,,1,98
2017-12-08,88,100,,1,88
2017-12-09,57,100,,1,57
2017-12-10,55,100,,1,55
2017-12-11,61,100,,1,61
2017-12-12,62,100,,1,62
2017-12-13,54,100,,1,54
2017-12-14,46,100,,1,46
2017-12-15,42,100,,1,42
2017-12-16,43,100,,1,43
2017-12-17,48,100,,1,48
2017-12-18,49,100,,1,49
2017-12-19,52,100,,1,52
2017-12-20,71,100,,1,71
2017-12-21,50,100,,1,50
2017-12-22,100,100,,1,100
2017-12-23,62,100,,1,62
2017-12-24,45,100,,1,45
2017-12-25,41,100,,1,41
2017-12-26,43,100,,1,43
2017-12-27,41,100,,1,41
2017-12-28,37,100,,1,37
2017-12-29,33,100,,1,33
2017-12-30,36,100,,1,36
2017-12-31,27,100,,1,27
2018-01-01,47,58,FALSE,0.58,27.26
2018-01-02,56,58,,0.58,32.48
2018-01-03,59,58,,0.58,34.22
2018-01-04,53,58,,0.58,30.74
2018-01-05,53,58,,0.58,30.74
2018-01-06,49,58,,0.58,28.42
2018-01-07,45,58,,0.58,26.1
2018-01-08,53,58,,0.58,30.74
2018-01-09,50,58,,0.58,29
2018-01-10,51,58,,0.58,29.58
2018-01-11,59,58,,0.58,34.22
2018-01-12,49,58,,0.58,28.42
2018-01-13,44,58,,0.58,25.52
2018-01-14,36,58,,0.58,20.88
2018-01-15,39,58,,0.58,22.62
2018-01-16,77,58,,0.58,44.66
2018-01-17,100,58,,0.58,58
2018-01-18,71,58,,0.58,41.18
2018-01-19,51,58,,0.58,29.58
2018-01-20,45,58,,0.58,26.1
2018-01-21,41,58,,0.58,23.78
2018-01-22,46,58,,0.58,26.68
2018-01-23,47,58,,0.58,27.26
2018-01-24,41,58,,0.58,23.78
2018-01-25,41,58,,0.58,23.78
2018-01-26,41,58,,0.58,23.78
2018-01-27,33,58,,0.58,19.14
2018-01-28,31,58,,0.58,17.98
2018-01-29,33,58,,0.58,19.14
2018-01-30,38,58,,0.58,22.04
2018-01-31,39,58,,0.58,22.62
2018-02-01,57,41,FALSE,0.41,23.37
2018-02-02,79,41,,0.41,32.39
2018-02-03,49,41,,0.41,20.09
2018-02-04,43,41,,0.41,17.63
2018-02-05,79,41,,0.41,32.39
2018-02-06,100,41,,0.41,41
2018-02-07,63,41,,0.41,25.83
2018-02-08,50,41,,0.41,20.5
2018-02-09,45,41,,0.41,18.45
2018-02-10,35,41,,0.41,14.35
2018-02-11,34,41,,0.41,13.94
2018-02-12,36,41,,0.41,14.76
2018-02-13,33,41,,0.41,13.53
2018-02-14,33,41,,0.41,13.53
2018-02-15,36,41,,0.41,14.76
2018-02-16,33,41,,0.41,13.53
2018-02-17,32,41,,0.41,13.12
2018-02-18,34,41,,0.41,13.94
2018-02-19,31,41,,0.41,12.71
2018-02-20,35,41,,0.41,14.35
2018-02-21,34,41,,0.41,13.94
2018-02-22,31,41,,0.41,12.71
2018-02-23,27,41,,0.41,11.07
2018-02-24,25,41,,0.41,10.25
2018-02-25,23,41,,0.41,9.43
2018-02-26,25,41,,0.41,10.25
2018-02-27,27,41,,0.41,11.07
2018-02-28,24,41,,0.41,9.84
2018-03-01,80,24,FALSE,0.24,19.2
2018-03-02,81,24,,0.24,19.44
2018-03-03,76,24,,0.24,18.24
2018-03-04,66,24,,0.24,15.84
2018-03-05,77,24,,0.24,18.48
2018-03-06,79,24,,0.24,18.96
2018-03-07,85,24,,0.24,20.4
2018-03-08,88,24,,0.24,21.12
2018-03-09,99,24,,0.24,23.76
2018-03-10,72,24,,0.24,17.28
2018-03-11,70,24,,0.24,16.8
2018-03-12,80,24,,0.24,19.2
2018-03-13,78,24,,0.24,18.72
2018-03-14,88,24,,0.24,21.12
2018-03-15,100,24,,0.24,24
2018-03-16,82,24,,0.24,19.68
2018-03-17,71,24,,0.24,17.04
2018-03-18,91,24,,0.24,21.84
2018-03-19,87,24,,0.24,20.88
2018-03-20,76,24,,0.24,18.24
2018-03-21,76,24,,0.24,18.24
2018-03-22,78,24,,0.24,18.72
2018-03-23,70,24,,0.24,16.8
2018-03-24,58,24,,0.24,13.92
2018-03-25,57,24,,0.24,13.68
2018-03-26,87,24,,0.24,20.88
2018-03-27,75,24,,0.24,18
2018-03-28,68,24,,0.24,16.32
2018-03-29,80,24,,0.24,19.2
2018-03-30,93,24,,0.24,22.32
2018-03-31,65,24,,0.24,15.6
2018-04-01,99,19,FALSE,0.19,18.81
2018-04-02,94,19,,0.19,17.86
2018-04-03,92,19,,0.19,17.48
2018-04-04,87,19,,0.19,16.53
2018-04-05,89,19,,0.19,16.91
2018-04-06,97,19,,0.19,18.43
2018-04-07,77,19,,0.19,14.63
2018-04-08,68,19,,0.19,12.92
2018-04-09,92,19,,0.19,17.48
2018-04-10,83,19,,0.19,15.77
2018-04-11,77,19,,0.19,14.63
2018-04-12,93,19,,0.19,17.67
2018-04-13,100,19,,0.19,19
2018-04-14,75,19,,0.19,14.25
2018-04-15,66,19,,0.19,12.54
2018-04-16,77,19,,0.19,14.63
2018-04-17,76,19,,0.19,14.44
2018-04-18,74,19,,0.19,14.06
2018-04-19,76,19,,0.19,14.44
2018-04-20,82,19,,0.19,15.58
2018-04-21,71,19,,0.19,13.49
2018-04-22,68,19,,0.19,12.92
2018-04-23,81,19,,0.19,15.39
2018-04-24,93,19,,0.19,17.67
2018-04-25,85,19,,0.19,16.15
2018-04-26,73,19,,0.19,13.87
2018-04-27,70,19,,0.19,13.3
2018-04-28,60,19,,0.19,11.4
2018-04-29,60,19,,0.19,11.4
2018-04-30,64,19,,0.19,12.16
2018-05-01,76,15,FALSE,0.15,11.4
2018-05-02,76,15,,0.15,11.4
2018-05-03,88,15,,0.15,13.2
2018-05-04,78,15,,0.15,11.7
2018-05-05,76,15,,0.15,11.4
2018-05-06,73,15,,0.15,10.95
2018-05-07,83,15,,0.15,12.45
2018-05-08,82,15,,0.15,12.3
2018-05-09,76,15,,0.15,11.4
2018-05-10,82,15,,0.15,12.3
2018-05-11,100,15,,0.15,15
2018-05-12,68,15,,0.15,10.2
2018-05-13,63,15,,0.15,9.45
2018-05-14,78,15,,0.15,11.7
2018-05-15,75,15,,0.15,11.25
2018-05-16,72,15,,0.15,10.8
2018-05-17,70,15,,0.15,10.5
2018-05-18,69,15,,0.15,10.35
2018-05-19,58,15,,0.15,8.7
2018-05-20,60,15,,0.15,9
2018-05-21,66,15,,0.15,9.9
2018-05-22,72,15,,0.15,10.8
2018-05-23,86,15,,0.15,12.9
2018-05-24,85,15,,0.15,12.75
2018-05-25,68,15,,0.15,10.2
2018-05-26,55,15,,0.15,8.25
2018-05-27,64,15,,0.15,9.6
2018-05-28,67,15,,0.15,10.05
2018-05-29,71,15,,0.15,10.65
2018-05-30,64,15,,0.15,9.6
2018-05-31,63,15,,0.15,9.45
2018-06-01,55,13,FALSE,0.13,7.15
2018-06-02,53,13,,0.13,6.89
2018-06-03,56,13,,0.13,7.28
2018-06-04,57,13,,0.13,7.41
2018-06-05,57,13,,0.13,7.41
2018-06-06,55,13,,0.13,7.15
2018-06-07,55,13,,0.13,7.15
2018-06-08,55,13,,0.13,7.15
2018-06-09,52,13,,0.13,6.76
2018-06-10,68,13,,0.13,8.84
2018-06-11,100,13,,0.13,13
2018-06-12,79,13,,0.13,10.27
2018-06-13,87,13,,0.13,11.31
2018-06-14,77,13,,0.13,10.01
2018-06-15,64,13,,0.13,8.32
2018-06-16,52,13,,0.13,6.76
2018-06-17,54,13,,0.13,7.02
2018-06-18,62,13,,0.13,8.06
2018-06-19,53,13,,0.13,6.89
2018-06-20,59,13,,0.13,7.67
2018-06-21,56,13,,0.13,7.28
2018-06-22,68,13,,0.13,8.84
2018-06-23,60,13,,0.13,7.8
2018-06-24,72,13,,0.13,9.36
2018-06-25,64,13,,0.13,8.32
2018-06-26,58,13,,0.13,7.54
2018-06-27,51,13,,0.13,6.63
2018-06-28,56,13,,0.13,7.28
2018-06-29,72,13,,0.13,9.36
2018-06-30,63,13,,0.13,8.19
2018-07-01,61,13,FALSE,0.13,7.93
2018-07-02,69,13,,0.13,8.97
2018-07-03,59,13,,0.13,7.67
2018-07-04,60,13,,0.13,7.8
2018-07-05,58,13,,0.13,7.54
2018-07-06,58,13,,0.13,7.54
2018-07-07,48,13,,0.13,6.24
2018-07-08,57,13,,0.13,7.41
2018-07-09,58,13,,0.13,7.54
2018-07-10,60,13,,0.13,7.8
2018-07-11,54,13,,0.13,7.02
2018-07-12,61,13,,0.13,7.93
2018-07-13,59,13,,0.13,7.67
2018-07-14,52,13,,0.13,6.76
2018-07-15,52,13,,0.13,6.76
2018-07-16,62,13,,0.13,8.06
2018-07-17,82,13,,0.13,10.66
2018-07-18,93,13,,0.13,12.09
2018-07-19,70,13,,0.13,9.1
2018-07-20,68,13,,0.13,8.84
2018-07-21,60,13,,0.13,7.8
2018-07-22,61,13,,0.13,7.93
2018-07-23,72,13,,0.13,9.36
2018-07-24,100,13,,0.13,13
2018-07-25,92,13,,0.13,11.96
2018-07-26,77,13,,0.13,10.01
2018-07-27,75,13,,0.13,9.75
2018-07-28,63,13,,0.13,8.19
2018-07-29,59,13,,0.13,7.67
2018-07-30,68,13,,0.13,8.84
2018-07-31,70,13,,0.13,9.1
2018-08-01,73,13,FALSE,0.13,9.49
2018-08-02,74,13,,0.13,9.62
2018-08-03,73,13,,0.13,9.49
2018-08-04,65,13,,0.13,8.45
2018-08-05,65,13,,0.13,8.45
2018-08-06,69,13,,0.13,8.97
2018-08-07,73,13,,0.13,9.49
2018-08-08,100,13,,0.13,13
2018-08-09,80,13,,0.13,10.4
2018-08-10,72,13,,0.13,9.36
2018-08-11,73,13,,0.13,9.49
2018-08-12,66,13,,0.13,8.58
2018-08-13,75,13,,0.13,9.75
2018-08-14,98,13,,0.13,12.74
2018-08-15,79,13,,0.13,10.27
2018-08-16,73,13,,0.13,9.49
2018-08-17,67,13,,0.13,8.71
2018-08-18,62,13,,0.13,8.06
2018-08-19,60,13,,0.13,7.8
2018-08-20,63,13,,0.13,8.19
2018-08-21,68,13,,0.13,8.84
2018-08-22,74,13,,0.13,9.62
2018-08-23,67,13,,0.13,8.71
2018-08-24,64,13,,0.13,8.32
2018-08-25,57,13,,0.13,7.41
2018-08-26,62,13,,0.13,8.06
2018-08-27,64,13,,0.13,8.32
2018-08-28,80,13,,0.13,10.4
2018-08-29,72,13,,0.13,9.36
2018-08-30,70,13,,0.13,9.1
2018-08-31,63,13,,0.13,8.19
2018-09-01,63,12,FALSE,0.12,7.56
2018-09-02,61,12,,0.12,7.32
2018-09-03,62,12,,0.12,7.44
2018-09-04,65,12,,0.12,7.8
2018-09-05,88,12,,0.12,10.56
2018-09-06,100,12,,0.12,12
2018-09-07,71,12,,0.12,8.52
2018-09-08,58,12,,0.12,6.96
2018-09-09,58,12,,0.12,6.96
2018-09-10,60,12,,0.12,7.2
2018-09-11,79,12,,0.12,9.48
2018-09-12,68,12,,0.12,8.16
2018-09-13,72,12,,0.12,8.64
2018-09-14,64,12,,0.12,7.68
2018-09-15,57,12,,0.12,6.84
2018-09-16,54,12,,0.12,6.48
2018-09-17,58,12,,0.12,6.96
2018-09-18,61,12,,0.12,7.32
2018-09-19,62,12,,0.12,7.44
2018-09-20,58,12,,0.12,6.96
2018-09-21,65,12,,0.12,7.8
2018-09-22,58,12,,0.12,6.96
2018-09-23,55,12,,0.12,6.6
2018-09-24,54,12,,0.12,6.48
2018-09-25,57,12,,0.12,6.84
2018-09-26,58,12,,0.12,6.96
2018-09-27,60,12,,0.12,7.2
2018-09-28,55,12,,0.12,6.6
2018-09-29,51,12,,0.12,6.12
2018-09-30,51,12,,0.12,6.12
2018-10-01,73,10,FALSE,0.1,7.3
2018-10-02,79,10,,0.1,7.9
2018-10-03,78,10,,0.1,7.8
2018-10-04,83,10,,0.1,8.3
2018-10-05,81,10,,0.1,8.1
2018-10-06,71,10,,0.1,7.1
2018-10-07,64,10,,0.1,6.4
2018-10-08,73,10,,0.1,7.3
2018-10-09,81,10,,0.1,8.1
2018-10-10,79,10,,0.1,7.9
2018-10-11,99,10,,0.1,9.9
2018-10-12,91,10,,0.1,9.1
2018-10-13,68,10,,0.1,6.8
2018-10-14,76,10,,0.1,7.6
2018-10-15,100,10,,0.1,10
2018-10-16,80,10,,0.1,8
2018-10-17,86,10,,0.1,8.6
2018-10-18,81,10,,0.1,8.1
2018-10-19,74,10,,0.1,7.4
2018-10-20,73,10,,0.1,7.3
2018-10-21,66,10,,0.1,6.6
2018-10-22,75,10,,0.1,7.5
2018-10-23,73,10,,0.1,7.3
2018-10-24,76,10,,0.1,7.6
2018-10-25,77,10,,0.1,7.7
2018-10-26,70,10,,0.1,7
2018-10-27,67,10,,0.1,6.7
2018-10-28,60,10,,0.1,6
2018-10-29,76,10,,0.1,7.6
2018-10-30,76,10,,0.1,7.6
2018-10-31,79,10,,0.1,7.9
2018-11-01,39,14,FALSE,0.14,5.46
2018-11-02,37,14,,0.14,5.18
2018-11-03,37,14,,0.14,5.18
2018-11-04,37,14,,0.14,5.18
2018-11-05,38,14,,0.14,5.32
2018-11-06,42,14,,0.14,5.88
2018-11-07,38,14,,0.14,5.32
2018-11-08,38,14,,0.14,5.32
2018-11-09,35,14,,0.14,4.9
2018-11-10,34,14,,0.14,4.76
2018-11-11,31,14,,0.14,4.34
2018-11-12,36,14,,0.14,5.04
2018-11-13,35,14,,0.14,4.9
2018-11-14,57,14,,0.14,7.98
2018-11-15,71,14,,0.14,9.94
2018-11-16,53,14,,0.14,7.42
2018-11-17,41,14,,0.14,5.74
2018-11-18,39,14,,0.14,5.46
2018-11-19,71,14,,0.14,9.94
2018-11-20,100,14,,0.14,14
2018-11-21,80,14,,0.14,11.2
2018-11-22,53,14,,0.14,7.42
2018-11-23,60,14,,0.14,8.4
2018-11-24,52,14,,0.14,7.28
2018-11-25,83,14,,0.14,11.62
2018-11-26,83,14,,0.14,11.62
2018-11-27,77,14,,0.14,10.78
2018-11-28,67,14,,0.14,9.38
2018-11-29,58,14,,0.14,8.12
2018-11-30,53,14,,0.14,7.42
2018-12-01,61,14,FALSE,0.14,8.54
2018-12-02,52,14,,0.14,7.28
2018-12-03,67,14,,0.14,9.38
2018-12-04,63,14,,0.14,8.82
2018-12-05,65,14,,0.14,9.1
2018-12-06,68,14,,0.14,9.52
2018-12-07,100,14,,0.14,14
2018-12-08,70,14,,0.14,9.8
2018-12-09,63,14,,0.14,8.82
2018-12-10,64,14,,0.14,8.96
2018-12-11,65,14,,0.14,9.1
2018-12-12,65,14,,0.14,9.1
2018-12-13,62,14,,0.14,8.68
2018-12-14,68,14,,0.14,9.52
2018-12-15,65,14,,0.14,9.1
2018-12-16,59,14,,0.14,8.26
2018-12-17,71,14,,0.14,9.94
2018-12-18,73,14,,0.14,10.22
2018-12-19,77,14,,0.14,10.78
2018-12-20,83,14,,0.14,11.62
2018-12-21,71,14,,0.14,9.94
2018-12-22,60,14,,0.14,8.4
2018-12-23,58,14,,0.14,8.12
2018-12-24,69,14,,0.14,9.66
2018-12-25,65,14,,0.14,9.1
2018-12-26,60,14,,0.14,8.4
2018-12-27,62,14,,0.14,8.68
2018-12-28,61,14,,0.14,8.54
2018-12-29,58,14,,0.14,8.12
2018-12-30,55,14,,0.14,7.7
2018-12-31,54,14,,0.14,7.56
2019-01-01,83,10,FALSE,0.1,8.3
2019-01-02,89,10,,0.1,8.9
2019-01-03,91,10,,0.1,9.1
2019-01-04,90,10,,0.1,9
2019-01-05,82,10,,0.1,8.2
2019-01-06,84,10,,0.1,8.4
2019-01-07,83,10,,0.1,8.3
2019-01-08,85,10,,0.1,8.5
2019-01-09,87,10,,0.1,8.7
2019-01-10,100,10,,0.1,10
2019-01-11,88,10,,0.1,8.8
2019-01-12,76,10,,0.1,7.6
2019-01-13,72,10,,0.1,7.2
2019-01-14,85,10,,0.1,8.5
2019-01-15,85,10,,0.1,8.5
2019-01-16,80,10,,0.1,8
2019-01-17,77,10,,0.1,7.7
2019-01-18,72,10,,0.1,7.2
2019-01-19,73,10,,0.1,7.3
2019-01-20,70,10,,0.1,7
2019-01-21,73,10,,0.1,7.3
2019-01-22,75,10,,0.1,7.5
2019-01-23,69,10,,0.1,6.9
2019-01-24,79,10,,0.1,7.9
2019-01-25,72,10,,0.1,7.2
2019-01-26,64,10,,0.1,6.4
2019-01-27,67,10,,0.1,6.7
2019-01-28,80,10,,0.1,8
2019-01-29,77,10,,0.1,7.7
2019-01-30,70,10,,0.1,7
2019-01-31,67,10,,0.1,6.7
2019-02-01,70,9,FALSE,0.09,6.3
2019-02-02,74,9,,0.09,6.66
2019-02-03,66,9,,0.09,5.94
2019-02-04,84,9,,0.09,7.56
2019-02-05,95,9,,0.09,8.55
2019-02-06,88,9,,0.09,7.92
2019-02-07,87,9,,0.09,7.83
2019-02-08,88,9,,0.09,7.92
2019-02-09,85,9,,0.09,7.65
2019-02-10,79,9,,0.09,7.11
2019-02-11,81,9,,0.09,7.29
2019-02-12,80,9,,0.09,7.2
2019-02-13,82,9,,0.09,7.38
2019-02-14,76,9,,0.09,6.84
2019-02-15,76,9,,0.09,6.84
2019-02-16,70,9,,0.09,6.3
2019-02-17,66,9,,0.09,5.94
2019-02-18,83,9,,0.09,7.47
2019-02-19,96,9,,0.09,8.64
2019-02-20,89,9,,0.09,8.01
2019-02-21,82,9,,0.09,7.38
2019-02-22,81,9,,0.09,7.29
2019-02-23,86,9,,0.09,7.74
2019-02-24,100,9,,0.09,9
2019-02-25,93,9,,0.09,8.37
2019-02-26,84,9,,0.09,7.56
2019-02-27,81,9,,0.09,7.29
2019-02-28,76,9,,0.09,6.84
2019-03-01,88,9,FALSE,0.09,7.92
2019-03-02,80,9,,0.09,7.2
2019-03-03,84,9,,0.09,7.56
2019-03-04,92,9,,0.09,8.28
2019-03-05,84,9,,0.09,7.56
2019-03-06,94,9,,0.09,8.46
2019-03-07,99,9,,0.09,8.91
2019-03-08,89,9,,0.09,8.01
2019-03-09,87,9,,0.09,7.83
2019-03-10,86,9,,0.09,7.74
2019-03-11,90,9,,0.09,8.1
2019-03-12,86,9,,0.09,7.74
2019-03-13,89,9,,0.09,8.01
2019-03-14,88,9,,0.09,7.92
2019-03-15,88,9,,0.09,7.92
2019-03-16,90,9,,0.09,8.1
2019-03-17,80,9,,0.09,7.2
2019-03-18,93,9,,0.09,8.37
2019-03-19,96,9,,0.09,8.64
2019-03-20,100,9,,0.09,9
2019-03-21,89,9,,0.09,8.01
2019-03-22,86,9,,0.09,7.74
2019-03-23,86,9,,0.09,7.74
2019-03-24,85,9,,0.09,7.65
2019-03-25,89,9,,0.09,8.01
2019-03-26,84,9,,0.09,7.56
2019-03-27,90,9,,0.09,8.1
2019-03-28,88,9,,0.09,7.92
2019-03-29,93,9,,0.09,8.37
2019-03-30,85,9,,0.09,7.65
2019-03-31,82,9,,0.09,7.38
2019-04-01,38,12,FALSE,0.12,4.56
2019-04-02,92,12,,0.12,11.04
2019-04-03,100,12,,0.12,12
2019-04-04,72,12,,0.12,8.64
2019-04-05,55,12,,0.12,6.6
2019-04-06,48,12,,0.12,5.76
2019-04-07,46,12,,0.12,5.52
2019-04-08,57,12,,0.12,6.84
2019-04-09,49,12,,0.12,5.88
2019-04-10,51,12,,0.12,6.12
2019-04-11,51,12,,0.12,6.12
2019-04-12,48,12,,0.12,5.76
2019-04-13,44,12,,0.12,5.28
2019-04-14,40,12,,0.12,4.8
2019-04-15,48,12,,0.12,5.76
2019-04-16,47,12,,0.12,5.64
2019-04-17,47,12,,0.12,5.64
2019-04-18,45,12,,0.12,5.4
2019-04-19,44,12,,0.12,5.28
2019-04-20,43,12,,0.12,5.16
2019-04-21,42,12,,0.12,5.04
2019-04-22,42,12,,0.12,5.04
2019-04-23,60,12,,0.12,7.2
2019-04-24,50,12,,0.12,6
2019-04-25,45,12,,0.12,5.4
2019-04-26,49,12,,0.12,5.88
2019-04-27,41,12,,0.12,4.92
2019-04-28,39,12,,0.12,4.68
2019-04-29,39,12,,0.12,4.68
2019-04-30,40,12,,0.12,4.8
2019-05-01,29,17,FALSE,0.17,4.93
2019-05-02,35,17,,0.17,5.95
2019-05-03,41,17,,0.17,6.97
2019-05-04,39,17,,0.17,6.63
2019-05-05,36,17,,0.17,6.12
2019-05-06,38,17,,0.17,6.46
2019-05-07,44,17,,0.17,7.48
2019-05-08,44,17,,0.17,7.48
2019-05-09,52,17,,0.17,8.84
2019-05-10,56,17,,0.17,9.52
2019-05-11,76,17,,0.17,12.92
2019-05-12,72,17,,0.17,12.24
2019-05-13,89,17,,0.17,15.13
2019-05-14,100,17,,0.17,17
2019-05-15,83,17,,0.17,14.11
2019-05-16,76,17,,0.17,12.92
2019-05-17,80,17,,0.17,13.6
2019-05-18,53,17,,0.17,9.01
2019-05-19,64,17,,0.17,10.88
2019-05-20,64,17,,0.17,10.88
2019-05-21,61,17,,0.17,10.37
2019-05-22,59,17,,0.17,10.03
2019-05-23,52,17,,0.17,8.84
2019-05-24,52,17,,0.17,8.84
2019-05-25,45,17,,0.17,7.65
2019-05-26,50,17,,0.17,8.5
2019-05-27,77,17,,0.17,13.09
2019-05-28,68,17,,0.17,11.56
2019-05-29,60,17,,0.17,10.2
2019-05-30,66,17,,0.17,11.22
2019-05-31,65,17,,0.17,11.05
2019-06-01,28,21,FALSE,0.21,5.88
2019-06-02,28,21,,0.21,5.88
2019-06-03,31,21,,0.21,6.51
2019-06-04,37,21,,0.21,7.77
2019-06-05,30,21,,0.21,6.3
2019-06-06,29,21,,0.21,6.09
2019-06-07,30,21,,0.21,6.3
2019-06-08,23,21,,0.21,4.83
2019-06-09,21,21,,0.21,4.41
2019-06-10,26,21,,0.21,5.46
2019-06-11,26,21,,0.21,5.46
2019-06-12,26,21,,0.21,5.46
2019-06-13,26,21,,0.21,5.46
2019-06-14,28,21,,0.21,5.88
2019-06-15,27,21,,0.21,5.67
2019-06-16,34,21,,0.21,7.14
2019-06-17,39,21,,0.21,8.19
2019-06-18,38,21,,0.21,7.98
2019-06-19,35,21,,0.21,7.35
2019-06-20,34,21,,0.21,7.14
2019-06-21,48,21,,0.21,10.08
2019-06-22,71,21,,0.21,14.91
2019-06-23,49,21,,0.21,10.29
2019-06-24,50,21,,0.21,10.5
2019-06-25,57,21,,0.21,11.97
2019-06-26,100,21,,0.21,21
2019-06-27,84,21,,0.21,17.64
2019-06-28,63,21,,0.21,13.23
2019-06-29,48,21,,0.21,10.08
2019-06-30,42,21,,0.21,8.82
2019-07-01,100,19,FALSE,0.19,19
2019-07-02,97,19,,0.19,18.43
2019-07-03,90,19,,0.19,17.1
2019-07-04,84,19,,0.19,15.96
2019-07-05,77,19,,0.19,14.63
2019-07-06,61,19,,0.19,11.59
2019-07-07,61,19,,0.19,11.59
2019-07-08,77,19,,0.19,14.63
2019-07-09,93,19,,0.19,17.67
2019-07-10,95,19,,0.19,18.05
2019-07-11,88,19,,0.19,16.72
2019-07-12,86,19,,0.19,16.34
2019-07-13,68,19,,0.19,12.92
2019-07-14,71,19,,0.19,13.49
2019-07-15,90,19,,0.19,17.1
2019-07-16,90,19,,0.19,17.1
2019-07-17,92,19,,0.19,17.48
2019-07-18,85,19,,0.19,16.15
2019-07-19,72,19,,0.19,13.68
2019-07-20,65,19,,0.19,12.35
2019-07-21,63,19,,0.19,11.97
2019-07-22,64,19,,0.19,12.16
2019-07-23,68,19,,0.19,12.92
2019-07-24,73,19,,0.19,13.87
2019-07-25,66,19,,0.19,12.54
2019-07-26,59,19,,0.19,11.21
2019-07-27,59,19,,0.19,11.21
2019-07-28,53,19,,0.19,10.07
2019-07-29,60,19,,0.19,11.4
2019-07-30,65,19,,0.19,12.35
2019-07-31,62,19,,0.19,11.78
2019-08-01,64,15,FALSE,0.15,9.6
2019-08-02,78,15,,0.15,11.7
2019-08-03,61,15,,0.15,9.15
2019-08-04,61,15,,0.15,9.15
2019-08-05,100,15,,0.15,15
2019-08-06,100,15,,0.15,15
2019-08-07,90,15,,0.15,13.5
2019-08-08,79,15,,0.15,11.85
2019-08-09,79,15,,0.15,11.85
2019-08-10,63,15,,0.15,9.45
2019-08-11,58,15,,0.15,8.7
2019-08-12,72,15,,0.15,10.8
2019-08-13,72,15,,0.15,10.8
2019-08-14,80,15,,0.15,12
2019-08-15,85,15,,0.15,12.75
2019-08-16,72,15,,0.15,10.8
2019-08-17,58,15,,0.15,8.7
2019-08-18,59,15,,0.15,8.85
2019-08-19,68,15,,0.15,10.2
2019-08-20,66,15,,0.15,9.9
2019-08-21,72,15,,0.15,10.8
2019-08-22,66,15,,0.15,9.9
2019-08-23,62,15,,0.15,9.3
2019-08-24,51,15,,0.15,7.65
2019-08-25,54,15,,0.15,8.1
2019-08-26,58,15,,0.15,8.7
2019-08-27,61,15,,0.15,9.15
2019-08-28,64,15,,0.15,9.6
2019-08-29,70,15,,0.15,10.5
2019-08-30,58,15,,0.15,8.7
2019-08-31,49,15,,0.15,7.35
2019-09-01,56,13,FALSE,0.13,7.28
2019-09-02,75,13,,0.13,9.75
2019-09-03,77,13,,0.13,10.01
2019-09-04,74,13,,0.13,9.62
2019-09-05,63,13,,0.13,8.19
2019-09-06,62,13,,0.13,8.06
2019-09-07,56,13,,0.13,7.28
2019-09-08,55,13,,0.13,7.15
2019-09-09,54,13,,0.13,7.02
2019-09-10,61,13,,0.13,7.93
2019-09-11,61,13,,0.13,7.93
2019-09-12,61,13,,0.13,7.93
2019-09-13,53,13,,0.13,6.89
2019-09-14,49,13,,0.13,6.37
2019-09-15,52,13,,0.13,6.76
2019-09-16,54,13,,0.13,7.02
2019-09-17,55,13,,0.13,7.15
2019-09-18,54,13,,0.13,7.02
2019-09-19,58,13,,0.13,7.54
2019-09-20,55,13,,0.13,7.15
2019-09-21,57,13,,0.13,7.41
2019-09-22,51,13,,0.13,6.63
2019-09-23,51,13,,0.13,6.63
2019-09-24,82,13,,0.13,10.66
2019-09-25,100,13,,0.13,13
2019-09-26,93,13,,0.13,12.09
2019-09-27,79,13,,0.13,10.27
2019-09-28,59,13,,0.13,7.67
2019-09-29,55,13,,0.13,7.15
2019-09-30,65,13,,0.13,8.45
2019-10-01,65,12,FALSE,0.12,7.8
2019-10-02,60,12,,0.12,7.2
2019-10-03,60,12,,0.12,7.2
2019-10-04,51,12,,0.12,6.12
2019-10-05,51,12,,0.12,6.12
2019-10-06,52,12,,0.12,6.24
2019-10-07,60,12,,0.12,7.2
2019-10-08,56,12,,0.12,6.72
2019-10-09,60,12,,0.12,7.2
2019-10-10,56,12,,0.12,6.72
2019-10-11,54,12,,0.12,6.48
2019-10-12,52,12,,0.12,6.24
2019-10-13,54,12,,0.12,6.48
2019-10-14,52,12,,0.12,6.24
2019-10-15,58,12,,0.12,6.96
2019-10-16,59,12,,0.12,7.08
2019-10-17,54,12,,0.12,6.48
2019-10-18,59,12,,0.12,7.08
2019-10-19,48,12,,0.12,5.76
2019-10-20,51,12,,0.12,6.12
2019-10-21,52,12,,0.12,6.24
2019-10-22,50,12,,0.12,6
2019-10-23,74,12,,0.12,8.88
2019-10-24,61,12,,0.12,7.32
2019-10-25,73,12,,0.12,8.76
2019-10-26,100,12,,0.12,12
2019-10-27,71,12,,0.12,8.52
2019-10-28,79,12,,0.12,9.48
2019-10-29,75,12,,0.12,9
2019-10-30,66,12,,0.12,7.92
2019-10-31,60,12,,0.12,7.2
2019-11-01,64,11,FALSE,0.11,7.04
2019-11-02,63,11,,0.11,6.93
2019-11-03,57,11,,0.11,6.27
2019-11-04,74,11,,0.11,8.14
2019-11-05,72,11,,0.11,7.92
2019-11-06,71,11,,0.11,7.81
2019-11-07,67,11,,0.11,7.37
2019-11-08,67,11,,0.11,7.37
2019-11-09,61,11,,0.11,6.71
2019-11-10,64,11,,0.11,7.04
2019-11-11,66,11,,0.11,7.26
2019-11-12,63,11,,0.11,6.93
2019-11-13,65,11,,0.11,7.15
2019-11-14,61,11,,0.11,6.71
2019-11-15,59,11,,0.11,6.49
2019-11-16,60,11,,0.11,6.6
2019-11-17,57,11,,0.11,6.27
2019-11-18,69,11,,0.11,7.59
2019-11-19,70,11,,0.11,7.7
2019-11-20,65,11,,0.11,7.15
2019-11-21,84,11,,0.11,9.24
2019-11-22,100,11,,0.11,11
2019-11-23,72,11,,0.11,7.92
2019-11-24,70,11,,0.11,7.7
2019-11-25,96,11,,0.11,10.56
2019-11-26,88,11,,0.11,9.68
2019-11-27,78,11,,0.11,8.58
2019-11-28,71,11,,0.11,7.81
2019-11-29,65,11,,0.11,7.15
2019-11-30,62,11,,0.11,6.82
2019-12-01,77,11,FALSE,0.11,8.47
2019-12-02,84,11,,0.11,9.24
2019-12-03,77,11,,0.11,8.47
2019-12-04,83,11,,0.11,9.13
2019-12-05,80,11,,0.11,8.8
2019-12-06,77,11,,0.11,8.47
2019-12-07,74,11,,0.11,8.14
2019-12-08,71,11,,0.11,7.81
2019-12-09,75,11,,0.11,8.25
2019-12-10,71,11,,0.11,7.81
2019-12-11,75,11,,0.11,8.25
2019-12-12,73,11,,0.11,8.03
2019-12-13,74,11,,0.11,8.14
2019-12-14,64,11,,0.11,7.04
2019-12-15,69,11,,0.11,7.59
2019-12-16,77,11,,0.11,8.47
2019-12-17,93,11,,0.11,10.23
2019-12-18,100,11,,0.11,11
2019-12-19,92,11,,0.11,10.12
2019-12-20,80,11,,0.11,8.8
2019-12-21,73,11,,0.11,8.03
2019-12-22,76,11,,0.11,8.36
2019-12-23,89,11,,0.11,9.79
2019-12-24,77,11,,0.11,8.47
2019-12-25,78,11,,0.11,8.58
2019-12-26,79,11,,0.11,8.69
2019-12-27,72,11,,0.11,7.92
2019-12-28,76,11,,0.11,8.36
2019-12-29,76,11,,0.11,8.36
2019-12-30,71,11,,0.11,7.81
2019-12-31,74,11,,0.11,8.14
2020-01-01,63,13,FALSE,0.13,8.19
2020-01-02,62,13,,0.13,8.06
2020-01-03,75,13,,0.13,9.75
2020-01-04,63,13,,0.13,8.19
2020-01-05,59,13,,0.13,7.67
2020-01-06,69,13,,0.13,8.97
2020-01-07,88,13,,0.13,11.44
2020-01-08,100,13,,0.13,13
2020-01-09,76,13,,0.13,9.88
2020-01-10,71,13,,0.13,9.23
2020-01-11,66,13,,0.13,8.58
2020-01-12,62,13,,0.13,8.06
2020-01-13,63,13,,0.13,8.19
2020-01-14,93,13,,0.13,12.09
2020-01-15,94,13,,0.13,12.22
2020-01-16,77,13,,0.13,10.01
2020-01-17,79,13,,0.13,10.27
2020-01-18,74,13,,0.13,9.62
2020-01-19,72,13,,0.13,9.36
2020-01-20,73,13,,0.13,9.49
2020-01-21,71,13,,0.13,9.23
2020-01-22,68,13,,0.13,8.84
2020-01-23,63,13,,0.13,8.19
2020-01-24,65,13,,0.13,8.45
2020-01-25,55,13,,0.13,7.15
2020-01-26,56,13,,0.13,7.28
2020-01-27,68,13,,0.13,8.84
2020-01-28,82,13,,0.13,10.66
2020-01-29,84,13,,0.13,10.92
2020-01-30,85,13,,0.13,11.05
2020-01-31,75,13,,0.13,9.75
2020-02-01,62,14,FALSE,0.14,8.68
2020-02-02,62,14,,0.14,8.68
2020-02-03,59,14,,0.14,8.26
2020-02-04,66,14,,0.14,9.24
2020-02-05,77,14,,0.14,10.78
2020-02-06,82,14,,0.14,11.48
2020-02-07,72,14,,0.14,10.08
2020-02-08,67,14,,0.14,9.38
2020-02-09,95,14,,0.14,13.3
2020-02-10,87,14,,0.14,12.18
2020-02-11,85,14,,0.14,11.9
2020-02-12,100,14,,0.14,14
2020-02-13,87,14,,0.14,12.18
2020-02-14,75,14,,0.14,10.5
2020-02-15,70,14,,0.14,9.8
2020-02-16,68,14,,0.14,9.52
2020-02-17,77,14,,0.14,10.78
2020-02-18,71,14,,0.14,9.94
2020-02-19,80,14,,0.14,11.2
2020-02-20,76,14,,0.14,10.64
2020-02-21,69,14,,0.14,9.66
2020-02-22,58,14,,0.14,8.12
2020-02-23,62,14,,0.14,8.68
2020-02-24,71,14,,0.14,9.94
2020-02-25,73,14,,0.14,10.22
2020-02-26,82,14,,0.14,11.48
2020-02-27,80,14,,0.14,11.2
2020-02-28,85,14,,0.14,11.9
2020-02-29,64,14,,0.14,8.96
2020-03-01,25,20,FALSE,0.2,5
2020-03-02,30,20,,0.2,6
2020-03-03,29,20,,0.2,5.8
2020-03-04,30,20,,0.2,6
2020-03-05,32,20,,0.2,6.4
2020-03-06,34,20,,0.2,6.8
2020-03-07,25,20,,0.2,5
2020-03-08,29,20,,0.2,5.8
2020-03-09,53,20,,0.2,10.6
2020-03-10,41,20,,0.2,8.2
2020-03-11,34,20,,0.2,6.8
2020-03-12,73,20,,0.2,14.6
2020-03-13,100,20,,0.2,20
2020-03-14,64,20,,0.2,12.8
2020-03-15,56,20,,0.2,11.2
2020-03-16,71,20,,0.2,14.2
2020-03-17,59,20,,0.2,11.8
2020-03-18,55,20,,0.2,11
2020-03-19,59,20,,0.2,11.8
2020-03-20,59,20,,0.2,11.8
2020-03-21,52,20,,0.2,10.4
2020-03-22,44,20,,0.2,8.8
2020-03-23,50,20,,0.2,10
2020-03-24,48,20,,0.2,9.6
2020-03-25,45,20,,0.2,9
2020-03-26,40,20,,0.2,8
2020-03-27,37,20,,0.2,7.4
2020-03-28,40,20,,0.2,8
2020-03-29,38,20,,0.2,7.6
2020-03-30,41,20,,0.2,8.2
2020-03-31,36,20,,0.2,7.2
2020-04-01,55,16,FALSE,0.16,8.8
2020-04-02,66,16,,0.16,10.56
2020-04-03,59,16,,0.16,9.44
2020-04-04,58,16,,0.16,9.28
2020-04-05,53,16,,0.16,8.48
2020-04-06,66,16,,0.16,10.56
2020-04-07,70,16,,0.16,11.2
2020-04-08,60,16,,0.16,9.6
2020-04-09,57,16,,0.16,9.12
2020-04-10,62,16,,0.16,9.92
2020-04-11,58,16,,0.16,9.28
2020-04-12,56,16,,0.16,8.96
2020-04-13,62,16,,0.16,9.92
2020-04-14,57,16,,0.16,9.12
2020-04-15,55,16,,0.16,8.8
2020-04-16,62,16,,0.16,9.92
2020-04-17,57,16,,0.16,9.12
2020-04-18,56,16,,0.16,8.96
2020-04-19,55,16,,0.16,8.8
2020-04-20,55,16,,0.16,8.8
2020-04-21,56,16,,0.16,8.96
2020-04-22,54,16,,0.16,8.64
2020-04-23,63,16,,0.16,10.08
2020-04-24,64,16,,0.16,10.24
2020-04-25,60,16,,0.16,9.6
2020-04-26,59,16,,0.16,9.44
2020-04-27,60,16,,0.16,9.6
2020-04-28,60,16,,0.16,9.6
2020-04-29,91,16,,0.16,14.56
2020-04-30,100,16,,0.16,16
2020-05-01,52,20,FALSE,0.2,10.4
2020-05-02,51,20,,0.2,10.2
2020-05-03,52,20,,0.2,10.4
2020-05-04,50,20,,0.2,10
2020-05-05,49,20,,0.2,9.8
2020-05-06,55,20,,0.2,11
2020-05-07,68,20,,0.2,13.6
2020-05-08,71,20,,0.2,14.2
2020-05-09,64,20,,0.2,12.8
2020-05-10,82,20,,0.2,16.4
2020-05-11,100,20,,0.2,20
2020-05-12,68,20,,0.2,13.6
2020-05-13,61,20,,0.2,12.2
2020-05-14,64,20,,0.2,12.8
2020-05-15,53,20,,0.2,10.6
2020-05-16,49,20,,0.2,9.8
2020-05-17,51,20,,0.2,10.2
2020-05-18,50,20,,0.2,10
2020-05-19,46,20,,0.2,9.2
2020-05-20,47,20,,0.2,9.4
2020-05-21,48,20,,0.2,9.6
2020-05-22,45,20,,0.2,9
2020-05-23,40,20,,0.2,8
2020-05-24,43,20,,0.2,8.6
2020-05-25,47,20,,0.2,9.4
2020-05-26,43,20,,0.2,8.6
2020-05-27,43,20,,0.2,8.6
2020-05-28,43,20,,0.2,8.6
2020-05-29,39,20,,0.2,7.8
2020-05-30,36,20,,0.2,7.2
2020-05-31,38,20,,0.2,7.6
2020-06-01,71,14,FALSE,0.14,9.94
2020-06-02,100,14,,0.14,14
2020-06-03,80,14,,0.14,11.2
2020-06-04,82,14,,0.14,11.48
2020-06-05,75,14,,0.14,10.5
2020-06-06,64,14,,0.14,8.96
2020-06-07,68,14,,0.14,9.52
2020-06-08,73,14,,0.14,10.22
2020-06-09,71,14,,0.14,9.94
2020-06-10,74,14,,0.14,10.36
2020-06-11,77,14,,0.14,10.78
2020-06-12,72,14,,0.14,10.08
2020-06-13,57,14,,0.14,7.98
2020-06-14,57,14,,0.14,7.98
2020-06-15,73,14,,0.14,10.22
2020-06-16,70,14,,0.14,9.8
2020-06-17,66,14,,0.14,9.24
2020-06-18,60,14,,0.14,8.4
2020-06-19,62,14,,0.14,8.68
2020-06-20,60,14,,0.14,8.4
2020-06-21,48,14,,0.14,6.72
2020-06-22,67,14,,0.14,9.38
2020-06-23,67,14,,0.14,9.38
2020-06-24,63,14,,0.14,8.82
2020-06-25,60,14,,0.14,8.4
2020-06-26,63,14,,0.14,8.82
2020-06-27,58,14,,0.14,8.12
2020-06-28,61,14,,0.14,8.54
2020-06-29,62,14,,0.14,8.68
2020-06-30,62,14,,0.14,8.68
2020-07-01,48,14,FALSE,0.14,6.72
2020-07-02,48,14,,0.14,6.72
2020-07-03,43,14,,0.14,6.02
2020-07-04,41,14,,0.14,5.74
2020-07-05,42,14,,0.14,5.88
2020-07-06,47,14,,0.14,6.58
2020-07-07,47,14,,0.14,6.58
2020-07-08,53,14,,0.14,7.42
2020-07-09,49,14,,0.14,6.86
2020-07-10,45,14,,0.14,6.3
2020-07-11,43,14,,0.14,6.02
2020-07-12,42,14,,0.14,5.88
2020-07-13,45,14,,0.14,6.3
2020-07-14,51,14,,0.14,7.14
2020-07-15,54,14,,0.14,7.56
2020-07-16,70,14,,0.14,9.8
2020-07-17,54,14,,0.14,7.56
2020-07-18,73,14,,0.14,10.22
2020-07-19,41,14,,0.14,5.74
2020-07-20,42,14,,0.14,5.88
2020-07-21,46,14,,0.14,6.44
2020-07-22,48,14,,0.14,6.72
2020-07-23,54,14,,0.14,7.56
2020-07-24,51,14,,0.14,7.14
2020-07-25,53,14,,0.14,7.42
2020-07-26,62,14,,0.14,8.68
2020-07-27,94,14,,0.14,13.16
2020-07-28,100,14,,0.14,14
2020-07-29,76,14,,0.14,10.64
2020-07-30,74,14,,0.14,10.36
2020-07-31,75,14,,0.14,10.5
2020-08-01,94,16,FALSE,0.16,15.04
2020-08-02,100,16,,0.16,16
2020-08-03,83,16,,0.16,13.28
2020-08-04,73,16,,0.16,11.68
2020-08-05,78,16,,0.16,12.48
2020-08-06,85,16,,0.16,13.6
2020-08-07,74,16,,0.16,11.84
2020-08-08,69,16,,0.16,11.04
2020-08-09,67,16,,0.16,10.72
2020-08-10,81,16,,0.16,12.96
2020-08-11,79,16,,0.16,12.64
2020-08-12,74,16,,0.16,11.84
2020-08-13,68,16,,0.16,10.88
2020-08-14,70,16,,0.16,11.2
2020-08-15,64,16,,0.16,10.24
2020-08-16,63,16,,0.16,10.08
2020-08-17,84,16,,0.16,13.44
2020-08-18,79,16,,0.16,12.64
2020-08-19,73,16,,0.16,11.68
2020-08-20,69,16,,0.16,11.04
2020-08-21,58,16,,0.16,9.28
2020-08-22,63,16,,0.16,10.08
2020-08-23,57,16,,0.16,9.12
2020-08-24,65,16,,0.16,10.4
2020-08-25,65,16,,0.16,10.4
2020-08-26,59,16,,0.16,9.44
2020-08-27,60,16,,0.16,9.6
2020-08-28,57,16,,0.16,9.12
2020-08-29,49,16,,0.16,7.84
2020-08-30,51,16,,0.16,8.16
2020-08-31,55,16,,0.16,8.8
2020-09-01,85,13,FALSE,0.13,11.05
2020-09-02,74,13,,0.13,9.62
2020-09-03,89,13,,0.13,11.57
2020-09-04,100,13,,0.13,13
2020-09-05,85,13,,0.13,11.05
2020-09-06,84,13,,0.13,10.92
2020-09-07,79,13,,0.13,10.27
2020-09-08,79,13,,0.13,10.27
2020-09-09,72,13,,0.13,9.36
2020-09-10,68,13,,0.13,8.84
2020-09-11,68,13,,0.13,8.84
2020-09-12,62,13,,0.13,8.06
2020-09-13,61,13,,0.13,7.93
2020-09-14,68,13,,0.13,8.84
2020-09-15,68,13,,0.13,8.84
2020-09-16,70,13,,0.13,9.1
2020-09-17,65,13,,0.13,8.45
2020-09-18,63,13,,0.13,8.19
2020-09-19,58,13,,0.13,7.54
2020-09-20,58,13,,0.13,7.54
2020-09-21,69,13,,0.13,8.97
2020-09-22,63,13,,0.13,8.19
2020-09-23,61,13,,0.13,7.93
2020-09-24,59,13,,0.13,7.67
2020-09-25,60,13,,0.13,7.8
2020-09-26,56,13,,0.13,7.28
2020-09-27,51,13,,0.13,6.63
2020-09-28,58,13,,0.13,7.54
2020-09-29,59,13,,0.13,7.67
2020-09-30,56,13,,0.13,7.28
2020-10-01,46,13,FALSE,0.13,5.98
2020-10-02,48,13,,0.13,6.24
2020-10-03,42,13,,0.13,5.46
2020-10-04,43,13,,0.13,5.59
2020-10-05,44,13,,0.13,5.72
2020-10-06,47,13,,0.13,6.11
2020-10-07,43,13,,0.13,5.59
2020-10-08,45,13,,0.13,5.85
2020-10-09,46,13,,0.13,5.98
2020-10-10,49,13,,0.13,6.37
2020-10-11,48,13,,0.13,6.24
2020-10-12,54,13,,0.13,7.02
2020-10-13,47,13,,0.13,6.11
2020-10-14,47,13,,0.13,6.11
2020-10-15,51,13,,0.13,6.63
2020-10-16,48,13,,0.13,6.24
2020-10-17,45,13,,0.13,5.85
2020-10-18,45,13,,0.13,5.85
2020-10-19,50,13,,0.13,6.5
2020-10-20,64,13,,0.13,8.32
2020-10-21,97,13,,0.13,12.61
2020-10-22,100,13,,0.13,13
2020-10-23,82,13,,0.13,10.66
2020-10-24,70,13,,0.13,9.1
2020-10-25,68,13,,0.13,8.84
2020-10-26,75,13,,0.13,9.75
2020-10-27,87,13,,0.13,11.31
2020-10-28,86,13,,0.13,11.18
2020-10-29,77,13,,0.13,10.01
2020-10-30,74,13,,0.13,9.62
2020-10-31,78,13,,0.13,10.14
2020-11-01,40,24,FALSE,0.24,9.6
2020-11-02,43,24,,0.24,10.32
2020-11-03,39,24,,0.24,9.36
2020-11-04,41,24,,0.24,9.84
2020-11-05,58,24,,0.24,13.92
2020-11-06,66,24,,0.24,15.84
2020-11-07,50,24,,0.24,12
2020-11-08,46,24,,0.24,11.04
2020-11-09,52,24,,0.24,12.48
2020-11-10,41,24,,0.24,9.84
2020-11-11,49,24,,0.24,11.76
2020-11-12,53,24,,0.24,12.72
2020-11-13,57,24,,0.24,13.68
2020-11-14,48,24,,0.24,11.52
2020-11-15,41,24,,0.24,9.84
2020-11-16,53,24,,0.24,12.72
2020-11-17,74,24,,0.24,17.76
2020-11-18,90,24,,0.24,21.6
2020-11-19,71,24,,0.24,17.04
2020-11-20,76,24,,0.24,18.24
2020-11-21,72,24,,0.24,17.28
2020-11-22,65,24,,0.24,15.6
2020-11-23,67,24,,0.24,16.08
2020-11-24,95,24,,0.24,22.8
2020-11-25,90,24,,0.24,21.6
2020-11-26,100,24,,0.24,24
2020-11-27,68,24,,0.24,16.32
2020-11-28,59,24,,0.24,14.16
2020-11-29,56,24,,0.24,13.44
2020-11-30,82,24,,0.24,19.68
2020-12-01,51,32,FALSE,0.32,16.32
2020-12-02,42,32,,0.32,13.44
2020-12-03,39,32,,0.32,12.48
2020-12-04,37,32,,0.32,11.84
2020-12-05,34,32,,0.32,10.88
2020-12-06,31,32,,0.32,9.92
2020-12-07,33,32,,0.32,10.56
2020-12-08,33,32,,0.32,10.56
2020-12-09,34,32,,0.32,10.88
2020-12-10,33,32,,0.32,10.56
2020-12-11,32,32,,0.32,10.24
2020-12-12,29,32,,0.32,9.28
2020-12-13,31,32,,0.32,9.92
2020-12-14,31,32,,0.32,9.92
2020-12-15,32,32,,0.32,10.24
2020-12-16,62,32,,0.32,19.84
2020-12-17,100,32,,0.32,32
2020-12-18,65,32,,0.32,20.8
2020-12-19,56,32,,0.32,17.92
2020-12-20,56,32,,0.32,17.92
2020-12-21,61,32,,0.32,19.52
2020-12-22,51,32,,0.32,16.32
2020-12-23,48,32,,0.32,15.36
2020-12-24,44,32,,0.32,14.08
2020-12-25,49,32,,0.32,15.68
2020-12-26,71,32,,0.32,22.72
2020-12-27,96,32,,0.32,30.72
2020-12-28,74,32,,0.32,23.68
2020-12-29,65,32,,0.32,20.8
2020-12-30,75,32,,0.32,24
2020-12-31,80,32,,0.32,25.6
2021-01-01,38,68,FALSE,0.68,25.84
2021-01-02,66,68,,0.68,44.88
2021-01-03,80,68,,0.68,54.4
2021-01-04,67,68,,0.68,45.56
2021-01-05,53,68,,0.68,36.04
2021-01-06,59,68,,0.68,40.12
2021-01-07,85,68,,0.68,57.8
2021-01-08,91,68,,0.68,61.88
2021-01-09,68,68,,0.68,46.24
2021-01-10,66,68,,0.68,44.88
2021-01-11,100,68,,0.68,68
2021-01-12,74,68,,0.68,50.32
2021-01-13,66,68,,0.68,44.88
2021-01-14,66,68,,0.68,44.88
2021-01-15,56,68,,0.68,38.08
2021-01-16,49,68,,0.68,33.32
2021-01-17,45,68,,0.68,30.6
2021-01-18,42,68,,0.68,28.56
2021-01-19,42,68,,0.68,28.56
2021-01-20,41,68,,0.68,27.88
2021-01-21,48,68,,0.68,32.64
2021-01-22,54,68,,0.68,36.72
2021-01-23,38,68,,0.68,25.84
2021-01-24,35,68,,0.68,23.8
2021-01-25,37,68,,0.68,25.16
2021-01-26,34,68,,0.68,23.12
2021-01-27,38,68,,0.68,25.84
2021-01-28,38,68,,0.68,25.84
2021-01-29,61,68,,0.68,41.48
2021-01-30,44,68,,0.68,29.92
2021-01-31,36,68,,0.68,24.48
2021-02-01,38,68,FALSE,0.68,25.84
2021-02-02,35,68,,0.68,23.8
2021-02-03,38,68,,0.68,25.84
2021-02-04,39,68,,0.68,26.52
2021-02-05,38,68,,0.68,25.84
2021-02-06,45,68,,0.68,30.6
2021-02-07,39,68,,0.68,26.52
2021-02-08,85,68,,0.68,57.8
2021-02-09,100,68,,0.68,68
2021-02-10,67,68,,0.68,45.56
2021-02-11,61,68,,0.68,41.48
2021-02-12,59,68,,0.68,40.12
2021-02-13,49,68,,0.68,33.32
2021-02-14,55,68,,0.68,37.4
2021-02-15,54,68,,0.68,36.72
2021-02-16,62,68,,0.68,42.16
2021-02-17,70,68,,0.68,47.6
2021-02-18,61,68,,0.68,41.48
2021-02-19,70,68,,0.68,47.6
2021-02-20,77,68,,0.68,52.36
2021-02-21,68,68,,0.68,46.24
2021-02-22,79,68,,0.68,53.72
2021-02-23,99,68,,0.68,67.32
2021-02-24,73,68,,0.68,49.64
2021-02-25,60,68,,0.68,40.8
2021-02-26,62,68,,0.68,42.16
2021-02-27,50,68,,0.68,34
2021-02-28,56,68,,0.68,38.08
2021-03-01,90,49,FALSE,0.49,44.1
2021-03-02,85,49,,0.49,41.65
2021-03-03,78,49,,0.49,38.22
2021-03-04,74,49,,0.49,36.26
2021-03-05,70,49,,0.49,34.3
2021-03-06,65,49,,0.49,31.85
2021-03-07,65,49,,0.49,31.85
2021-03-08,73,49,,0.49,35.77
2021-03-09,87,49,,0.49,42.63
2021-03-10,83,49,,0.49,40.67
2021-03-11,78,49,,0.49,38.22
2021-03-12,80,49,,0.49,39.2
2021-03-13,100,49,,0.49,49
2021-03-14,98,49,,0.49,48.02
2021-03-15,84,49,,0.49,41.16
2021-03-16,81,49,,0.49,39.69
2021-03-17,77,49,,0.49,37.73
2021-03-18,78,49,,0.49,38.22
2021-03-19,71,49,,0.49,34.79
2021-03-20,63,49,,0.49,30.87
2021-03-21,66,49,,0.49,32.34
2021-03-22,71,49,,0.49,34.79
2021-03-23,69,49,,0.49,33.81
2021-03-24,79,49,,0.49,38.71
2021-03-25,85,49,,0.49,41.65
2021-03-26,72,49,,0.49,35.28
2021-03-27,65,49,,0.49,31.85
2021-03-28,60,49,,0.49,29.4
2021-03-29,67,49,,0.49,32.83
2021-03-30,71,49,,0.49,34.79
2021-03-31,71,49,,0.49,34.79
2021-04-01,53,51,FALSE,0.51,27.03
2021-04-02,48,51,,0.51,24.48
2021-04-03,44,51,,0.51,22.44
2021-04-04,43,51,,0.51,21.93
2021-04-05,47,51,,0.51,23.97
2021-04-06,45,51,,0.51,22.95
2021-04-07,44,51,,0.51,22.44
2021-04-08,43,51,,0.51,21.93
2021-04-09,39,51,,0.51,19.89
2021-04-10,45,51,,0.51,22.95
2021-04-11,43,51,,0.51,21.93
2021-04-12,46,51,,0.51,23.46
2021-04-13,62,51,,0.51,31.62
2021-04-14,69,51,,0.51,35.19
2021-04-15,57,51,,0.51,29.07
2021-04-16,64,51,,0.51,32.64
2021-04-17,51,51,,0.51,26.01
2021-04-18,91,51,,0.51,46.41
2021-04-19,73,51,,0.51,37.23
2021-04-20,66,51,,0.51,33.66
2021-04-21,53,51,,0.51,27.03
2021-04-22,63,51,,0.51,32.13
2021-04-23,100,51,,0.51,51
2021-04-24,69,51,,0.51,35.19
2021-04-25,60,51,,0.51,30.6
2021-04-26,62,51,,0.51,31.62
2021-04-27,58,51,,0.51,29.58
2021-04-28,55,51,,0.51,28.05
2021-04-29,47,51,,0.51,23.97
2021-04-30,47,51,,0.51,23.97
2021-05-01,26,65,FALSE,0.65,16.9
2021-05-02,25,65,,0.65,16.25
2021-05-03,27,65,,0.65,17.55
2021-05-04,28,65,,0.65,18.2
2021-05-05,28,65,,0.65,18.2
2021-05-06,27,65,,0.65,17.55
2021-05-07,24,65,,0.65,15.6
2021-05-08,25,65,,0.65,16.25
2021-05-09,25,65,,0.65,16.25
2021-05-10,28,65,,0.65,18.2
2021-05-11,26,65,,0.65,16.9
2021-05-12,27,65,,0.65,17.55
2021-05-13,67,65,,0.65,43.55
2021-05-14,43,65,,0.65,27.95
2021-05-15,33,65,,0.65,21.45
2021-05-16,36,65,,0.65,23.4
2021-05-17,51,65,,0.65,33.15
2021-05-18,39,65,,0.65,25.35
2021-05-19,100,65,,0.65,65
2021-05-20,77,65,,0.65,50.05
2021-05-21,58,65,,0.65,37.7
2021-05-22,49,65,,0.65,31.85
2021-05-23,61,65,,0.65,39.65
2021-05-24,52,65,,0.65,33.8
2021-05-25,43,65,,0.65,27.95
2021-05-26,38,65,,0.65,24.7
2021-05-27,33,65,,0.65,21.45
2021-05-28,35,65,,0.65,22.75
2021-05-29,34,65,,0.65,22.1
2021-05-30,33,65,,0.65,21.45
2021-05-31,31,65,,0.65,20.15
2021-06-01,70,46,FALSE,0.46,32.2
2021-06-02,71,46,,0.46,32.66
2021-06-03,69,46,,0.46,31.74
2021-06-04,75,46,,0.46,34.5
2021-06-05,67,46,,0.46,30.82
2021-06-06,70,46,,0.46,32.2
2021-06-07,68,46,,0.46,31.28
2021-06-08,96,46,,0.46,44.16
2021-06-09,89,46,,0.46,40.94
2021-06-10,77,46,,0.46,35.42
2021-06-11,65,46,,0.46,29.9
2021-06-12,54,46,,0.46,24.84
2021-06-13,57,46,,0.46,26.22
2021-06-14,73,46,,0.46,33.58
2021-06-15,57,46,,0.46,26.22
2021-06-16,55,46,,0.46,25.3
2021-06-17,52,46,,0.46,23.92
2021-06-18,50,46,,0.46,23
2021-06-19,47,46,,0.46,21.62
2021-06-20,51,46,,0.46,23.46
2021-06-21,73,46,,0.46,33.58
2021-06-22,100,46,,0.46,46
2021-06-23,71,46,,0.46,32.66
2021-06-24,62,46,,0.46,28.52
2021-06-25,60,46,,0.46,27.6
2021-06-26,55,46,,0.46,25.3
2021-06-27,54,46,,0.46,24.84
2021-06-28,56,46,,0.46,25.76
2021-06-29,58,46,,0.46,26.68
2021-06-30,49,46,,0.46,22.54
2021-07-01,60,31,FALSE,0.31,18.6
2021-07-02,59,31,,0.31,18.29
2021-07-03,55,31,,0.31,17.05
2021-07-04,58,31,,0.31,17.98
2021-07-05,57,31,,0.31,17.67
2021-07-06,56,31,,0.31,17.36
2021-07-07,51,31,,0.31,15.81
2021-07-08,55,31,,0.31,17.05
2021-07-09,52,31,,0.31,16.12
2021-07-10,45,31,,0.31,13.95
2021-07-11,47,31,,0.31,14.57
2021-07-12,49,31,,0.31,15.19
2021-07-13,50,31,,0.31,15.5
2021-07-14,52,31,,0.31,16.12
2021-07-15,51,31,,0.31,15.81
2021-07-16,53,31,,0.31,16.43
2021-07-17,48,31,,0.31,14.88
2021-07-18,47,31,,0.31,14.57
2021-07-19,58,31,,0.31,17.98
2021-07-20,75,31,,0.31,23.25
2021-07-21,72,31,,0.31,22.32
2021-07-22,62,31,,0.31,19.22
2021-07-23,54,31,,0.31,16.74
2021-07-24,53,31,,0.31,16.43
2021-07-25,55,31,,0.31,17.05
2021-07-26,100,31,,0.31,31
2021-07-27,72,31,,0.31,22.32
2021-07-28,69,31,,0.31,21.39
2021-07-29,59,31,,0.31,18.29
2021-07-30,58,31,,0.31,17.98
2021-07-31,61,31,,0.31,18.91
2021-08-01,74,33,FALSE,0.33,24.42
2021-08-02,78,33,,0.33,25.74
2021-08-03,79,33,,0.33,26.07
2021-08-04,74,33,,0.33,24.42
2021-08-05,70,33,,0.33,23.1
2021-08-06,78,33,,0.33,25.74
2021-08-07,86,33,,0.33,28.38
2021-08-08,87,33,,0.33,28.71
2021-08-09,96,33,,0.33,31.68
2021-08-10,91,33,,0.33,30.03
2021-08-11,94,33,,0.33,31.02
2021-08-12,90,33,,0.33,29.7
2021-08-13,83,33,,0.33,27.39
2021-08-14,82,33,,0.33,27.06
2021-08-15,78,33,,0.33,25.74
2021-08-16,82,33,,0.33,27.06
2021-08-17,80,33,,0.33,26.4
2021-08-18,77,33,,0.33,25.41
2021-08-19,70,33,,0.33,23.1
2021-08-20,80,33,,0.33,26.4
2021-08-21,77,33,,0.33,25.41
2021-08-22,75,33,,0.33,24.75
2021-08-23,100,33,,0.33,33
2021-08-24,85,33,,0.33,28.05
2021-08-25,79,33,,0.33,26.07
2021-08-26,75,33,,0.33,24.75
2021-08-27,70,33,,0.33,23.1
2021-08-28,65,33,,0.33,21.45
2021-08-29,69,33,,0.33,22.77
2021-08-30,66,33,,0.33,21.78
2021-08-31,68,33,,0.33,22.44
2021-09-01,49,31,FALSE,0.31,15.19
2021-09-02,55,31,,0.31,17.05
2021-09-03,55,31,,0.31,17.05
2021-09-04,47,31,,0.31,14.57
2021-09-05,51,31,,0.31,15.81
2021-09-06,59,31,,0.31,18.29
2021-09-07,100,31,,0.31,31
2021-09-08,91,31,,0.31,28.21
2021-09-09,67,31,,0.31,20.77
2021-09-10,60,31,,0.31,18.6
2021-09-11,51,31,,0.31,15.81
2021-09-12,48,31,,0.31,14.88
2021-09-13,57,31,,0.31,17.67
2021-09-14,53,31,,0.31,16.43
2021-09-15,51,31,,0.31,15.81
2021-09-16,49,31,,0.31,15.19
2021-09-17,50,31,,0.31,15.5
2021-09-18,45,31,,0.31,13.95
2021-09-19,42,31,,0.31,13.02
2021-09-20,65,31,,0.31,20.15
2021-09-21,68,31,,0.31,21.08
2021-09-22,60,31,,0.31,18.6
2021-09-23,55,31,,0.31,17.05
2021-09-24,79,31,,0.31,24.49
2021-09-25,58,31,,0.31,17.98
2021-09-26,52,31,,0.31,16.12
2021-09-27,51,31,,0.31,15.81
2021-09-28,48,31,,0.31,14.88
2021-09-29,50,31,,0.31,15.5
2021-09-30,50,31,,0.31,15.5
2021-10-01,56,35,FALSE,0.35,19.6
2021-10-02,44,35,,0.35,15.4
2021-10-03,44,35,,0.35,15.4
2021-10-04,48,35,,0.35,16.8
2021-10-05,55,35,,0.35,19.25
2021-10-06,68,35,,0.35,23.8
2021-10-07,60,35,,0.35,21
2021-10-08,54,35,,0.35,18.9
2021-10-09,49,35,,0.35,17.15
2021-10-10,46,35,,0.35,16.1
2021-10-11,58,35,,0.35,20.3
2021-10-12,58,35,,0.35,20.3
2021-10-13,52,35,,0.35,18.2
2021-10-14,57,35,,0.35,19.95
2021-10-15,75,35,,0.35,26.25
2021-10-16,71,35,,0.35,24.85
2021-10-17,58,35,,0.35,20.3
2021-10-18,69,35,,0.35,24.15
2021-10-19,80,35,,0.35,28
2021-10-20,100,35,,0.35,35
2021-10-21,96,35,,0.35,33.6
2021-10-22,74,35,,0.35,25.9
2021-10-23,58,35,,0.35,20.3
2021-10-24,54,35,,0.35,18.9
2021-10-25,63,35,,0.35,22.05
2021-10-26,67,35,,0.35,23.45
2021-10-27,72,35,,0.35,25.2
2021-10-28,61,35,,0.35,21.35
2021-10-29,61,35,,0.35,21.35
2021-10-30,51,35,,0.35,17.85
2021-10-31,50,35,,0.35,17.5
2021-11-01,69,34,FALSE,0.34,23.46
2021-11-02,74,34,,0.34,25.16
2021-11-03,68,34,,0.34,23.12
2021-11-04,72,34,,0.34,24.48
2021-11-05,66,34,,0.34,22.44
2021-11-06,59,34,,0.34,20.06
2021-11-07,59,34,,0.34,20.06
2021-11-08,89,34,,0.34,30.26
2021-11-09,100,34,,0.34,34
2021-11-10,87,34,,0.34,29.58
2021-11-11,80,34,,0.34,27.2
2021-11-12,79,34,,0.34,26.86
2021-11-13,69,34,,0.34,23.46
2021-11-14,70,34,,0.34,23.8
2021-11-15,74,34,,0.34,25.16
2021-11-16,95,34,,0.34,32.3
2021-11-17,83,34,,0.34,28.22
2021-11-18,87,34,,0.34,29.58
2021-11-19,89,34,,0.34,30.26
2021-11-20,71,34,,0.34,24.14
2021-11-21,67,34,,0.34,22.78
2021-11-22,76,34,,0.34,25.84
2021-11-23,83,34,,0.34,28.22
2021-11-24,82,34,,0.34,27.88
2021-11-25,70,34,,0.34,23.8
2021-11-26,91,34,,0.34,30.94
2021-11-27,74,34,,0.34,25.16
2021-11-28,69,34,,0.34,23.46
2021-11-29,75,34,,0.34,25.5
2021-11-30,78,34,,0.34,26.52
2021-12-01,44,36,FALSE,0.36,15.84
2021-12-02,44,36,,0.36,15.84
2021-12-03,43,36,,0.36,15.48
2021-12-04,100,36,,0.36,36
2021-12-05,70,36,,0.36,25.2
2021-12-06,68,36,,0.36,24.48
2021-12-07,57,36,,0.36,20.52
2021-12-08,52,36,,0.36,18.72
2021-12-09,50,36,,0.36,18
2021-12-10,49,36,,0.36,17.64
2021-12-11,44,36,,0.36,15.84
2021-12-12,43,36,,0.36,15.48
2021-12-13,55,36,,0.36,19.8
2021-12-14,55,36,,0.36,19.8
2021-12-15,52,36,,0.36,18.72
2021-12-16,47,36,,0.36,16.92
2021-12-17,45,36,,0.36,16.2
2021-12-18,43,36,,0.36,15.48
2021-12-19,39,36,,0.36,14.04
2021-12-20,45,36,,0.36,16.2
2021-12-21,46,36,,0.36,16.56
2021-12-22,42,36,,0.36,15.12
2021-12-23,45,36,,0.36,16.2
2021-12-24,45,36,,0.36,16.2
2021-12-25,42,36,,0.36,15.12
2021-12-26,41,36,,0.36,14.76
2021-12-27,44,36,,0.36,15.84
2021-12-28,45,36,,0.36,16.2
2021-12-29,44,36,,0.36,15.84
2021-12-30,43,36,,0.36,15.48
2021-12-31,40,36,,0.36,14.4
2022-01-01,38,42,FALSE,0.42,15.96
2022-01-02,40,42,,0.42,16.8
2022-01-03,40,42,,0.42,16.8
2022-01-04,50,42,,0.42,21
2022-01-05,38,42,,0.42,15.96
2022-01-06,53,42,,0.42,22.26
2022-01-07,68,42,,0.42,28.56
2022-01-08,57,42,,0.42,23.94
2022-01-09,53,42,,0.42,22.26
2022-01-10,56,42,,0.42,23.52
2022-01-11,50,42,,0.42,21
2022-01-12,48,42,,0.42,20.16
2022-01-13,37,42,,0.42,15.54
2022-01-14,37,42,,0.42,15.54
2022-01-15,38,42,,0.42,15.96
2022-01-16,31,42,,0.42,13.02
2022-01-17,35,42,,0.42,14.7
2022-01-18,38,42,,0.42,15.96
2022-01-19,37,42,,0.42,15.54
2022-01-20,38,42,,0.42,15.96
2022-01-21,73,42,,0.42,30.66
2022-01-22,100,42,,0.42,42
2022-01-23,75,42,,0.42,31.5
2022-01-24,78,42,,0.42,32.76
2022-01-25,63,42,,0.42,26.46
2022-01-26,60,42,,0.42,25.2
2022-01-27,56,42,,0.42,23.52
2022-01-28,53,42,,0.42,22.26
2022-01-29,50,42,,0.42,21
2022-01-30,47,42,,0.42,19.74
2022-01-31,49,42,,0.42,20.58
2022-02-01,63,35,FALSE,0.35,22.05
2022-02-02,56,35,,0.35,19.6
2022-02-03,59,35,,0.35,20.65
2022-02-04,63,35,,0.35,22.05
2022-02-05,59,35,,0.35,20.65
2022-02-06,51,35,,0.35,17.85
2022-02-07,62,35,,0.35,21.7
2022-02-08,60,35,,0.35,21
2022-02-09,58,35,,0.35,20.3
2022-02-10,49,35,,0.35,17.15
2022-02-11,54,35,,0.35,18.9
2022-02-12,46,35,,0.35,16.1
2022-02-13,44,35,,0.35,15.4
2022-02-14,49,35,,0.35,17.15
2022-02-15,50,35,,0.35,17.5
2022-02-16,46,35,,0.35,16.1
2022-02-17,49,35,,0.35,17.15
2022-02-18,51,35,,0.35,17.85
2022-02-19,44,35,,0.35,15.4
2022-02-20,50,35,,0.35,17.5
2022-02-21,52,35,,0.35,18.2
2022-02-22,62,35,,0.35,21.7
2022-02-23,50,35,,0.35,17.5
2022-02-24,100,35,,0.35,35
2022-02-25,72,35,,0.35,25.2
2022-02-26,47,35,,0.35,16.45
2022-02-27,53,35,,0.35,18.55
2022-02-28,64,35,,0.35,22.4
2022-03-01,100,31,FALSE,0.31,31
2022-03-02,84,31,,0.31,26.04
2022-03-03,79,31,,0.31,24.49
2022-03-04,73,31,,0.31,22.63
2022-03-05,68,31,,0.31,21.08
2022-03-06,61,31,,0.31,18.91
2022-03-07,76,31,,0.31,23.56
2022-03-08,67,31,,0.31,20.77
2022-03-09,76,31,,0.31,23.56
2022-03-10,73,31,,0.31,22.63
2022-03-11,70,31,,0.31,21.7
2022-03-12,56,31,,0.31,17.36
2022-03-13,55,31,,0.31,17.05
2022-03-14,61,31,,0.31,18.91
2022-03-15,63,31,,0.31,19.53
2022-03-16,62,31,,0.31,19.22
2022-03-17,58,31,,0.31,17.98
2022-03-18,61,31,,0.31,18.91
2022-03-19,54,31,,0.31,16.74
2022-03-20,51,31,,0.31,15.81
2022-03-21,57,31,,0.31,17.67
2022-03-22,59,31,,0.31,18.29
2022-03-23,56,31,,0.31,17.36
2022-03-24,65,31,,0.31,20.15
2022-03-25,63,31,,0.31,19.53
2022-03-26,54,31,,0.31,16.74
2022-03-27,58,31,,0.31,17.98
2022-03-28,72,31,,0.31,22.32
2022-03-29,67,31,,0.31,20.77
2022-03-30,63,31,,0.31,19.53
2022-03-31,61,31,,0.31,18.91
2022-04-01,94,23,FALSE,0.23,21.62
2022-04-02,84,23,,0.23,19.32
2022-04-03,85,23,,0.23,19.55
2022-04-04,86,23,,0.23,19.78
2022-04-05,85,23,,0.23,19.55
2022-04-06,95,23,,0.23,21.85
2022-04-07,92,23,,0.23,21.16
2022-04-08,88,23,,0.23,20.24
2022-04-09,81,23,,0.23,18.63
2022-04-10,74,23,,0.23,17.02
2022-04-11,100,23,,0.23,23
2022-04-12,93,23,,0.23,21.39
2022-04-13,87,23,,0.23,20.01
2022-04-14,84,23,,0.23,19.32
2022-04-15,79,23,,0.23,18.17
2022-04-16,75,23,,0.23,17.25
2022-04-17,68,23,,0.23,15.64
2022-04-18,85,23,,0.23,19.55
2022-04-19,82,23,,0.23,18.86
2022-04-20,73,23,,0.23,16.79
2022-04-21,75,23,,0.23,17.25
2022-04-22,80,23,,0.23,18.4
2022-04-23,68,23,,0.23,15.64
2022-04-24,66,23,,0.23,15.18
2022-04-25,85,23,,0.23,19.55
2022-04-26,89,23,,0.23,20.47
2022-04-27,78,23,,0.23,17.94
2022-04-28,79,23,,0.23,18.17
2022-04-29,75,23,,0.23,17.25
2022-04-30,71,23,,0.23,16.33
2022-05-01,28,35,FALSE,0.35,9.8
2022-05-02,28,35,,0.35,9.8
2022-05-03,27,35,,0.35,9.45
2022-05-04,26,35,,0.35,9.1
2022-05-05,33,35,,0.35,11.55
2022-05-06,37,35,,0.35,12.95
2022-05-07,28,35,,0.35,9.8
2022-05-08,35,35,,0.35,12.25
2022-05-09,63,35,,0.35,22.05
2022-05-10,60,35,,0.35,21
2022-05-11,67,35,,0.35,23.45
2022-05-12,100,35,,0.35,35
2022-05-13,80,35,,0.35,28
2022-05-14,56,35,,0.35,19.6
2022-05-15,48,35,,0.35,16.8
2022-05-16,52,35,,0.35,18.2
2022-05-17,46,35,,0.35,16.1
2022-05-18,45,35,,0.35,15.75
2022-05-19,42,35,,0.35,14.7
2022-05-20,40,35,,0.35,14
2022-05-21,35,35,,0.35,12.25
2022-05-22,34,35,,0.35,11.9
2022-05-23,39,35,,0.35,13.65
2022-05-24,38,35,,0.35,13.3
2022-05-25,34,35,,0.35,11.9
2022-05-26,35,35,,0.35,12.25
2022-05-27,36,35,,0.35,12.6
2022-05-28,31,35,,0.35,10.85
2022-05-29,28,35,,0.35,9.8
2022-05-30,36,35,,0.35,12.6
2022-05-31,36,35,,0.35,12.6
2022-06-01,31,41,FALSE,0.41,12.71
2022-06-02,32,41,,0.41,13.12
2022-06-03,29,41,,0.41,11.89
2022-06-04,26,41,,0.41,10.66
2022-06-05,25,41,,0.41,10.25
2022-06-06,31,41,,0.41,12.71
2022-06-07,32,41,,0.41,13.12
2022-06-08,30,41,,0.41,12.3
2022-06-09,27,41,,0.41,11.07
2022-06-10,27,41,,0.41,11.07
2022-06-11,29,41,,0.41,11.89
2022-06-12,36,41,,0.41,14.76
2022-06-13,100,41,,0.41,41
2022-06-14,91,41,,0.41,37.31
2022-06-15,87,41,,0.41,35.67
2022-06-16,75,41,,0.41,30.75
2022-06-17,69,41,,0.41,28.29
2022-06-18,98,41,,0.41,40.18
2022-06-19,94,41,,0.41,38.54
2022-06-20,71,41,,0.41,29.11
2022-06-21,62,41,,0.41,25.42
2022-06-22,57,41,,0.41,23.37
2022-06-23,49,41,,0.41,20.09
2022-06-24,46,41,,0.41,18.86
2022-06-25,41,41,,0.41,16.81
2022-06-26,37,41,,0.41,15.17
2022-06-27,43,41,,0.41,17.63
2022-06-28,41,41,,0.41,16.81
2022-06-29,43,41,,0.41,17.63
2022-06-30,50,41,,0.41,20.5
2022-07-01,100,29,FALSE,0.29,29
2022-07-02,81,29,,0.29,23.49
2022-07-03,79,29,,0.29,22.91
2022-07-04,81,29,,0.29,23.49
2022-07-05,87,29,,0.29,25.23
2022-07-06,81,29,,0.29,23.49
2022-07-07,82,29,,0.29,23.78
2022-07-08,82,29,,0.29,23.78
2022-07-09,64,29,,0.29,18.56
2022-07-10,65,29,,0.29,18.85
2022-07-11,75,29,,0.29,21.75
2022-07-12,78,29,,0.29,22.62
2022-07-13,75,29,,0.29,21.75
2022-07-14,74,29,,0.29,21.46
2022-07-15,68,29,,0.29,19.72
2022-07-16,61,29,,0.29,17.69
2022-07-17,60,29,,0.29,17.4
2022-07-18,77,29,,0.29,22.33
2022-07-19,73,29,,0.29,21.17
2022-07-20,82,29,,0.29,23.78
2022-07-21,87,29,,0.29,25.23
2022-07-22,68,29,,0.29,19.72
2022-07-23,60,29,,0.29,17.4
2022-07-24,55,29,,0.29,15.95
2022-07-25,66,29,,0.29,19.14
2022-07-26,68,29,,0.29,19.72
2022-07-27,62,29,,0.29,17.98
2022-07-28,69,29,,0.29,20.01
2022-07-29,65,29,,0.29,18.85
2022-07-30,58,29,,0.29,16.82
2022-07-31,57,29,,0.29,16.53
2022-08-01,97,22,FALSE,0.22,21.34
2022-08-02,91,22,,0.22,20.02
2022-08-03,87,22,,0.22,19.14
2022-08-04,84,22,,0.22,18.48
2022-08-05,83,22,,0.22,18.26
2022-08-06,72,22,,0.22,15.84
2022-08-07,72,22,,0.22,15.84
2022-08-08,85,22,,0.22,18.7
2022-08-09,84,22,,0.22,18.48
2022-08-10,87,22,,0.22,19.14
2022-08-11,89,22,,0.22,19.58
2022-08-12,85,22,,0.22,18.7
2022-08-13,75,22,,0.22,16.5
2022-08-14,78,22,,0.22,17.16
2022-08-15,84,22,,0.22,18.48
2022-08-16,76,22,,0.22,16.72
2022-08-17,78,22,,0.22,17.16
2022-08-18,74,22,,0.22,16.28
2022-08-19,100,22,,0.22,22
2022-08-20,82,22,,0.22,18.04
2022-08-21,79,22,,0.22,17.38
2022-08-22,83,22,,0.22,18.26
2022-08-23,80,22,,0.22,17.6
2022-08-24,75,22,,0.22,16.5
2022-08-25,73,22,,0.22,16.06
2022-08-26,85,22,,0.22,18.7
2022-08-27,80,22,,0.22,17.6
2022-08-28,76,22,,0.22,16.72
2022-08-29,91,22,,0.22,20.02
2022-08-30,84,22,,0.22,18.48
2022-08-31,79,22,,0.22,17.38
2022-09-01,88,21,TRUE,0.21,18.48
2022-09-02,84,21,,0.21,17.64
2022-09-03,72,21,,0.21,15.12
2022-09-04,73,21,,0.21,15.33
2022-09-05,82,21,,0.21,17.22
2022-09-06,94,21,,0.21,19.74
2022-09-07,100,21,,0.21,21
2022-09-08,85,21,,0.21,17.85
2022-09-09,98,21,,0.21,20.58
2022-09-10,79,21,,0.21,16.59
2022-09-11,76,21,,0.21,15.96
2022-09-12,91,21,,0.21,19.11
2022-09-13,98,21,,0.21,20.58
2022-09-14,95,21,,0.21,19.95
